,noun
0,안산
1,봉수대
2,교수님
3,퀴즈
4,멸치
5,먼저
6,출격
7,천기
8,누설
9,여자
10,사소
11,행동
12,방출
13,지금
14,지하철
15,장애인
16,시위
17,단체
18,장애인
19,후추
20,학식
21,샌드위치
22,어우
23,냄새
24,교수님
25,비둘기
26,보여
27,기독교인
28,연병장
29,중사
30,중대원
31,열정
32,출근
33,상습
34,바람
35,장애인
36,차별
37,실체
38,초반
39,유영
40,살인
41,부녀자
42,연쇄
43,살인
44,남초
45,마찬가지
46,디시
47,섹스
48,주변
49,여자
50,얘기
51,도배
52,직업
53,서열
54,근본
55,욕설
56,패드
57,정신병자
58,비율
59,바퀴벌레
60,소굴
61,남자
62,기준치
63,여자
64,정도
65,친구
66,공사
67,출신
68,여자
69,성적
70,등수
71,역전
72,사례
73,나라
74,남자
75,차별
76,군대
77,관련
78,내용
79,무시
80,세부적
81,내용
82,트집
83,여자
84,군대
85,안감
86,여자
87,동기
88,대가면
89,여자
90,군대
91,안감
92,군대
93,여대
94,약대
95,여성
96,당제
97,여성
98,안심
99,갓길
100,여성
101,전용
102,좌석
103,혜택
104,여자
105,사람
106,나이
107,비참
108,여자
109,남자
110,은연중
111,연인
112,트로피
113,남자
114,연인
115,몸매
116,개념
117,데이트
118,비용
119,반반
120,자랑
121,여자
122,남친
123,몸매
124,얼굴
125,직업
126,학벌
127,선물
128,사랑꾼
129,자랑
130,외국
131,중국
132,동양
133,패거리
134,대신
135,인종
136,차별
137,단어
138,시비
139,그때
140,남자
141,남자
142,능력
143,후속
144,편인
145,혼혈
146,왕자
147,영화
148,색감
149,연출
150,게다
151,개그
152,지분
153,절반
154,이상
155,제외
156,영화
157,전반적
158,내용
159,자체
160,여자
161,가치
162,남자
163,막걸리
164,얼굴
165,몸무게
166,지능
167,차별
168,성형
169,특유
170,합리화
171,거랑
172,여성
173,거지
174,인권
175,단군
176,이래
177,최고
178,시대
179,약자
180,코스
181,프레임
182,여가
183,폐지
184,세금
185,제대
186,학교
187,연세
188,한국
189,캠퍼스
190,거리
191,인터뷰
192,자존
193,자기계
194,사죄
195,일본
196,정부
197,자막
198,한남
199,유니
200,코드
201,학교
202,타임
203,일동
204,인종
205,차별
206,반대
207,스쿨
208,버스
209,백인
210,애가
211,시비
212,피부색
213,지랄
214,계속
215,야루
216,선생님
217,사람
218,백인
219,백인
220,피부색
221,대신
222,색깔
223,프랑스
224,능력
225,위주
226,적재
227,동용
228,할당
229,가산점
230,이상한
231,제도
232,결과
233,평등
234,무용론
235,소리
236,현상
237,거지
238,남자
239,수명
240,나이
241,연상
242,남자
243,확률
244,스트레스
245,망가
246,확률
247,회사
248,돌격
249,진국
250,수육
251,국밥
252,전세대
253,논리
254,반대
255,남자
256,남자
257,여자
258,논리
259,학교
260,남자
261,의문
262,남자
263,문제
264,연하
265,환장
266,여자
267,망상
268,남자
269,여자
270,여자
271,망상
272,현실
273,대학생
274,여자
275,미필
276,애새끼
277,부류
278,여자애
279,기가
280,세면
281,여우
282,남자애
283,이랑
284,반대
285,기가
286,유리
287,결국
288,남자
289,이랑
290,관심
291,안주
292,철벽
293,다님
294,여자애
295,뒷말
296,트라
297,우마
298,관심
299,회사
300,돌격
301,공대
302,워크
303,사람
304,여자
305,미친년
306,전역
307,지금
308,대대장
309,동성
310,결혼
311,합법화
312,시위
313,후추
314,면허
315,취득
316,제한
317,요건
318,정신
319,질환자
320,업무
321,지장
322,의사
323,판단
324,사람
325,예외
326,이상론
327,꼰대
328,미안
329,공감
330,미안
331,성격
332,유형
333,몰입
334,미안
335,회수
336,이재명
337,아들
338,발언
339,중국
340,천안문
341,사람
342,머릿속
343,마인드
344,친구
345,우물
346,똥글이
347,여초
348,조선족
349,한국인
350,여자
351,조선족
352,중국인
353,최근
354,지하철
355,조선족
356,여자
357,남성
358,핸드폰
359,사건
360,여시
361,커뮤니티
362,한남
363,여성
364,우월
365,남성
366,게다
367,만약
368,공범
369,공범
370,인터넷
371,신상
372,한남
373,아무것
374,안하
375,나라
376,남자
377,절대
378,여자
379,본인
380,어머니
381,가족
382,지인
383,눈알
384,라도
385,지인
386,이하
387,친밀도
388,무엇
389,절대
390,한남
391,신천지
392,입학
393,사회성
394,기본
395,적인
396,지능
397,변태
398,성욕
399,장애
400,시체
401,성애
402,역시나
403,변태
404,성욕
405,장애
406,소아
407,성애
408,장애
409,수업
410,교수님
411,걸레
412,표현
413,마라
414,자유
415,성생활
416,얘기
417,사람
418,만물
419,꼰대
420,수저
421,지옥
422,불반
423,단어
424,형성
425,원인
426,세대
427,의도
428,심심풀이
429,땅콩
430,소리
431,이유
432,방해
433,모기
434,한쪽
435,생명
436,존중
437,이중
438,잣대
439,게다
440,고양이
441,관련
442,드립
443,심기
444,이성
445,자동
446,탈퇴
447,기능
448,도입
449,교통
450,안전
451,공단
452,무면허
453,음주
454,운전
455,오력
456,고작
457,정시
458,연경
459,입장
460,가소
461,여자
462,조현
463,친동생
464,우울증
465,다음
466,미국
467,백인
468,수저
469,공대
470,여자
471,군대
472,안감
473,여자
474,허브
475,박스
476,일렬
477,바코드
478,남자
479,여자
480,개강
481,회사
482,출격
483,떡밥
484,일원
485,푸념
486,민폐
487,성악과
488,복도
489,노래
490,연습실
491,의도
492,매너
493,득표율
494,전라도
495,차별
496,합리화
497,사람
498,지금
499,나이
500,사회
501,경제권
502,자연
503,현상
504,전쟁
505,민주화
506,진행
507,부작용
508,정신
509,부모님
510,사회
511,가거
512,상사
513,지역
514,치기
515,시전
516,삭제
517,이대
518,멸망
519,토착
520,왜구
521,한남
522,진보
523,집권
524,국가
525,기관
526,남자
527,잠재적
528,가해자
529,규정
530,지금
531,논객
532,노인
533,혐오
534,학생
535,얼마
536,시골
537,학교
538,한데
539,야간
540,자율
541,학습
542,여학생
543,교사
544,하나
545,무고
546,나중
547,본인
548,업적
549,학생
550,인권
551,센터
552,교사
553,계속
554,압박
555,결국
556,자살
557,보통
558,주변
559,중국집
560,탕수육
561,고기
562,탕수육
563,돼지
564,비린내
565,여자
566,사교성
567,주변
568,무시
569,사람
570,비교
571,학벌
572,사회
573,심각
574,거지
575,한국인
576,외모
577,학벌
578,비교
579,남자
580,증명
581,눈물
582,여자
583,모텔
584,심리
585,시작
586,군대
587,조직
588,혐오
589,싸가지
590,조교
591,전쟁
592,시작
593,내전
594,침략
595,이번
596,명분
597,탄압
598,러시아인
599,나치
600,처단
601,메시지
602,스키
603,유대인
604,아이러니
605,조지아
606,전쟁
607,크림
608,반도
609,전쟁
610,내전
611,러시아
612,전쟁
613,토가
614,러시아
615,전쟁
616,수록
617,상황
618,심각
619,민주주의
620,팽창
621,중국
622,실존적
623,위협
624,이슬람
625,국가
626,서구
627,국가
628,이유
629,유사
630,기독교
631,과정
632,서구
633,문명
634,사회
635,침투
636,기반
637,존재론
638,위협
639,마누라
640,창녀
641,소리
642,꼰대
643,여성
644,정책
645,페미니즘
646,제정신
647,군인
648,친구
649,동성
650,이성
651,친구
652,여성
653,당제
654,차별
655,남자
656,여자
657,혐오
658,소개팅
659,몸매
660,노력도
661,상대방
662,조건
663,타입
664,항문
665,게이트
666,유니
667,작금
668,정치
669,상황
670,표현
671,문제
672,신도
673,과제
674,여자
675,트위터
676,이야기
677,트위터
678,내가
679,지점
680,여자
681,소수자
682,이자
683,사회
684,기득권
685,여성
686,혐오
687,가격
688,하나하나
689,비교
690,신발
691,안사고
692,공부
693,우월
694,의식
695,판단
696,기득권
697,이래
698,이유
699,하나
700,내가
701,트위터
702,이랑
703,유일
704,의견
705,지점
706,경영
707,사이비
708,여진
709,병신
710,바퀴벌레
711,먹이
712,최종
713,보스
714,실내
715,주변
716,실외
717,주면
718,학살
719,거미
720,지네
721,집게
722,벌레
723,잡음
724,창틀
725,유입
726,경로
727,얼마
728,안가
729,죽음
730,미추
731,조국
732,털보
733,제동
734,윤미향
735,보물
736,데이팅
737,기본적
738,자유
739,여자
740,유저
741,유치
742,구조
743,남자
744,안이
745,풍파
746,여자
747,남자
748,일본
749,수학
750,놀이
751,로시오
752,잡이
753,파충
754,병신
755,부대
756,시발
757,전라도
758,얘기
759,분쟁
760,조장
761,중이
762,나이
763,성인
764,중국
765,지금
766,올림픽
767,사태
768,지금
769,짜증
770,타격
771,중국
772,뉴스
773,러시아
774,한창
775,천연가스
776,가격
777,위로
778,부채질
779,천연가스
780,타결
781,에너지
782,수입
783,국인
784,입장
785,탄소
786,중립
787,선언
788,입장
789,작년
790,석탄
791,관련
792,에너지
793,대란
794,입장
795,중국
796,안보
797,우선
798,순위
799,에너지
800,중국
801,중국
802,해의
803,집착
804,이유
805,유사시
806,미국
807,봉쇄
808,에너지
809,수급
810,상황
811,파국
812,바다
813,중국
814,영해
815,미국
816,군사
817,활동
818,가능
819,공해
820,바다
821,중국
822,세기
823,미국
824,중동
825,마찬가지
826,남초
827,여초
828,양극단
829,매한가지
830,본인
831,현재
832,군인
833,이재명
834,보관
835,진심
836,기겁
837,경악
838,보관
839,이재명
840,지지
841,남성
842,대부분
843,여자
844,군대
845,지금
846,나라
847,평화
848,안보
849,관심
850,이재
851,명의
852,보관
853,남자
854,상식선
855,이해
856,여성
857,혐오
858,보수
859,여성
860,완전
861,차별
862,생존권
863,위협
864,정책
865,남성
866,우월
867,사회
868,공약
869,보수
870,여성
871,혐오
872,집단
873,생각
874,여성
875,정책
876,발표
877,보수
878,남성
879,의식
880,남성
881,정책
882,이유
883,사회
884,여성
885,정책
886,남성
887,무시
888,평등
889,사회
890,여성
891,혐오
892,거지
893,보수
894,여성
895,혐오
896,집단
897,사회
898,여성
899,정책
900,여성
901,우대
902,남성
903,무시
904,목표
905,사회
906,치기
907,한쪽
908,성별
909,우대
910,성별
911,차별
912,혐오
913,이득
914,여성
915,혐오
916,이제
917,혐오
918,차별
919,여성
920,여성
921,여성
922,여성
923,벼슬
924,나라
925,남자
926,고기
927,방패
928,여자
929,노예
930,수준
931,생활
932,전락
933,조선족
934,의료
935,보험
936,부탁
937,한국인
938,생각
939,할거
940,나라
941,혐오
942,선거
943,보수
944,여성
945,혐오
946,근거
947,설립
948,여성
949,가족
950,존폐
951,기로
952,이대
953,여가
954,폐지
955,집착
956,직장
957,성희롱
958,당한
959,여성
960,거절
961,경멸
962,여가
963,폐지
964,국민
965,이해도
966,부족
967,이야기
968,당선
969,의기양양
970,서울
971,이상
972,동네
973,주장
974,남녀
975,차별
976,이대
977,소리
978,의무화
979,의심
980,안심
981,검열
982,사생활
983,침해
984,결혼
985,사이
986,유전자
987,정상
988,사생활
989,노출
990,사람
991,사생활
992,사형
993,무죄
994,특정
995,성별
996,불공정
997,여성
998,안전
999,보호
1000,정치
1001,초보자
1002,대통령
1003,러시아
1004,자극
1005,침략
1006,한남
1007,유충
1008,운운
1009,논문
1010,학술지
1011,등재
1012,언론
1013,이상한
1014,통계
1015,이대
1016,도덕적
1017,수준
1018,개소리
1019,이대
1020,현실
1021,피해
1022,보고
1023,억압
1024,차별
1025,인정
1026,치기
1027,북한
1028,간첩
1029,나라
1030,치기
1031,휴전
1032,국가
1033,피난
1034,여자
1035,남자
1036,거지
1037,부자
1038,장애인
1039,장애인
1040,치기
1041,단체
1042,지원금
1043,이제
1044,안산
1045,머리
1046,일상화
1047,그때
1048,안산
1049,해명
1050,인지
1051,부조화
1052,미들
1053,남자
1054,광주
1055,이재명
1056,차이
1057,운동권
1058,모순
1059,이대
1060,기존
1061,보수도
1062,준석
1063,애초
1064,재인
1065,당선
1066,페미니스트
1067,자처
1068,권력형
1069,성범죄
1070,남자
1071,주요
1072,인사
1073,전원
1074,입시
1075,특혜
1076,주고
1077,미군
1078,카투사
1079,아들
1080,서민
1081,박탈감
1082,여성
1083,당제
1084,강화
1085,결과
1086,평등
1087,부동산
1088,규제
1089,시장
1090,왜곡
1091,자산
1092,격차
1093,심화
1094,노동
1095,시장
1096,경직
1097,세대간
1098,사회
1099,초년생
1100,기득권
1101,세력
1102,민주당
1103,남성
1104,기득권
1105,세력
1106,혜택
1107,여성
1108,위주
1109,재편
1110,옛날
1111,운동권
1112,세대
1113,정신
1114,불이
1115,기득권
1116,파이
1117,쪼가리
1118,여성
1119,전형적
1120,성안
1121,정치
1122,노력
1123,알바
1124,경험
1125,부모
1126,하층민
1127,무엇
1128,평생
1129,생색
1130,남녀
1131,갈등
1132,해결
1133,중요
1134,훗날
1135,미래
1136,중국
1137,긴장
1138,동북아
1139,정세
1140,불안
1141,페미니스트
1142,안전
1143,취미
1144,활동
1145,거거
1146,보쌈
1147,세트
1148,배달
1149,서문
1150,자취
1151,보쌈
1152,돌이
1153,싸움
1154,고수
1155,여성
1156,가족
1157,폐지
1158,평상시
1159,여혐
1160,사상
1161,물론
1162,아이디
1163,선동
1164,진보
1165,대학생
1166,아저씨
1167,이대
1168,병신
1169,취급
1170,현실
1171,비련
1172,여주
1173,스프
1174,릴레이
1175,걱정
1176,청도
1177,여가
1178,폐지
1179,정책
1180,정상화
1181,지금
1182,여가
1183,폐지
1184,시민
1185,단체
1186,교육
1187,고비
1188,정책
1189,지지
1190,철회
1191,협박
1192,계속
1193,지지
1194,당장
1195,내일
1196,미들
1197,조직적
1198,여론
1199,내일
1200,마음
1201,속지
1202,말자
1203,트위터
1204,가세
1205,대녀
1206,이랑
1207,공정
1208,경쟁
1209,생각
1210,출산
1211,문제
1212,해결
1213,문제
1214,준석
1215,열도
1216,정책
1217,만큼
1218,고려
1219,여자
1220,남자
1221,미인
1222,동시
1223,남자
1224,빨대
1225,설거지
1226,성폭력
1227,문제
1228,불안감
1229,조성
1230,여성
1231,당제
1232,여성
1233,주차
1234,혜택
1235,혜택
1236,감사
1237,인간
1238,취급
1239,메모
1240,부작
1241,남자
1242,무고죄
1243,무기
1244,종합적
1245,여자
1246,혐오감
1247,성별
1248,갈등
1249,조장
1250,여자
1251,사리
1252,분간
1253,이성적
1254,판단
1255,본질적
1256,감정적
1257,생각
1258,동의
1259,현명
1260,칭찬
1261,전라도
1262,투표율
1263,비하
1264,이해
1265,경상도
1266,비교
1267,비하
1268,입장
1269,완전
1270,애초
1271,광주
1272,직접적
1273,피해
1274,상징적
1275,사건
1276,호남
1277,전체
1278,피해
1279,산업화
1280,시기
1281,차별
1282,당시
1283,산업화
1284,한참
1285,진행
1286,박정희
1287,정권
1288,지역감정
1289,사실
1290,포항
1291,제철
1292,구미
1293,공단
1294,현대자동차
1295,현대
1296,중공업
1297,삼성
1298,조선
1299,대우
1300,조선
1301,공단
1302,한국
1303,대표적
1304,산업화
1305,기지
1306,영남
1307,부산항
1308,이점
1309,그때
1310,상공업
1311,발달
1312,영남
1313,설치
1314,납득
1315,호남
1316,지역
1317,감정
1318,철저
1319,배제
1320,회사
1321,호남
1322,사람
1323,입장
1324,피해
1325,회사
1326,문제
1327,그때
1328,호남
1329,미래
1330,회사
1331,영남
1332,영남
1333,호남
1334,사람
1335,이주
1336,사람
1337,수도권
1338,서울
1339,이탈
1340,호남
1341,출신
1342,서울
1343,이탈
1344,결국
1345,지금
1346,영남
1347,호남
1348,인구수
1349,차이
1350,직도
1351,비판
1352,사람
1353,세대
1354,얘기
1355,입장
1356,전라도
1357,사람
1358,보수
1359,정권
1360,악감정
1361,회복
1362,영구적
1363,실질적
1364,피해
1365,생각
1366,정치적
1367,감정
1368,보수
1369,전라도
1370,공산당
1371,정신병
1372,이해
1373,준석
1374,필두
1375,이대
1376,이대
1377,이재명
1378,선거
1379,국민
1380,민주당
1381,성향
1382,가스
1383,라이팅
1384,거해
1385,주면
1386,지지
1387,지지
1388,선거
1389,민주당
1390,정의
1391,가스
1392,라이팅
1393,희망
1394,고문
1395,결국
1396,남자
1397,여자
1398,고령
1399,여자
1400,표구
1401,걸해
1402,남자
1403,구걸
1404,싸움
1405,준석
1406,전략
1407,여론
1408,캐치
1409,준석
1410,하나
1411,정치
1412,집단
1413,남자
1414,여자
1415,선방
1416,결국
1417,선방
1418,언론
1419,말대
1420,여성
1421,정책
1422,편승
1423,국민
1424,대선
1425,남성
1426,국민
1427,정책
1428,선거
1429,가스
1430,라이팅
1431,투표
1432,민주당
1433,정의
1434,이대
1435,비위
1436,결국
1437,이재명
1438,준석
1439,싸개
1440,날조
1441,여자
1442,관련
1443,이모
1444,싸개
1445,날조
1446,꼬라지
1447,지금
1448,준석
1449,친구
1450,사람
1451,여자
1452,군대
1453,의견
1454,합리적
1455,의견
1456,조롱
1457,호남
1458,혐오
1459,여성
1460,혐오
1461,시동
1462,여가
1463,평등
1464,여가
1465,특별
1466,부처
1467,수인
1468,부처
1469,여가
1470,부가
1471,평등
1472,지대
1473,영향
1474,여가
1475,가족
1476,여성
1477,수명
1478,여론
1479,여가
1480,이점
1481,존재
1482,자체
1483,남성
1484,대다수
1485,여성
1486,생각
1487,치기
1488,자체
1489,부가
1490,자지
1491,마라
1492,준석
1493,자칭
1494,현실
1495,여자
1496,지랄
1497,싸움
1498,여자
1499,다기
1500,근거
1501,무시
1502,여성
1503,사회적
1504,차별
1505,이번
1506,여자
1507,보수
1508,준석
1509,인정
1510,군가
1511,산점
1512,미충
1513,과거
1514,민주당
1515,국민
1516,앞장
1517,서서
1518,여자
1519,여성
1520,시간
1521,여자
1522,감성적
1523,공대
1524,자가
1525,보기
1526,문과
1527,남자
1528,성적
1529,민주당
1530,드라마
1531,부자연
1532,사람
1533,꼬리
1534,꼬리
1535,중국
1536,만리
1537,장성
1538,여자
1539,여성
1540,정책
1541,보고
1542,후보
1543,자체
1544,당사자
1545,상처
1546,위협
1547,얘기
1548,거지
1549,다음
1550,여자
1551,아들
1552,감옥
1553,가자
1554,경상도
1555,여자
1556,여자
1557,절대
1558,보수
1559,사람
1560,보궐
1561,박원
1562,민주당
1563,엄호
1564,부대
1565,여자
1566,분노
1567,지금
1568,이유
1569,원래
1570,여자
1571,지지율
1572,이재명
1573,무능
1574,유능
1575,프레임
1576,중이
1577,젠더
1578,문제
1579,여자
1580,최대
1581,한남
1582,지금
1583,한남
1584,투표율
1585,저조
1586,이재명
1587,상황
1588,실패
1589,정책
1590,전라도
1591,사람
1592,전라도
1593,집안
1594,토로
1595,본인
1596,이념
1597,중도
1598,좌파
1599,원래
1600,이재명
1601,경선
1602,철수
1603,문재
1604,고민
1605,재인
1606,재인
1607,정권
1608,사실
1609,정치
1610,관심
1611,문재
1612,개인
1613,능력
1614,문제
1615,생각
1616,민주당
1617,아가리
1618,좌파
1619,병신
1620,생각
1621,염불
1622,제조기
1623,이랑
1624,전라도
1625,사람
1626,생각
1627,전반적
1628,민주당
1629,성향
1630,보전
1631,전라도
1632,과학
1633,전라도
1634,외국
1635,전라도
1636,통수
1637,내가
1638,직접적
1639,전라도
1640,마음
1641,아픔
1642,근거
1643,전라도
1644,복합
1645,쇼핑몰
1646,얘기
1647,단편적
1648,생각
1649,산업화
1650,시대
1651,전라도
1652,홀대
1653,경부
1654,고속도로
1655,중심
1656,경이
1657,경제
1658,성장
1659,당장
1660,우리나라
1661,기업
1662,전라도
1663,기업
1664,기아
1665,금호
1666,아시아
1667,정도
1668,모가지
1669,상대적
1670,기업
1671,영세
1672,상인
1673,전라도
1674,상대적
1675,자본
1676,여자애
1677,이대
1678,신이
1679,전라도
1680,계속
1681,쇼핑
1682,근본
1683,지역
1684,여자
1685,다행
1686,생각
1687,프로
1688,차이
1689,완전
1690,국민
1691,취급
1692,성남
1693,시민
1694,이재명
1695,안됨
1696,사람
1697,대통령
1698,중국
1699,러시아
1700,한패
1701,계속
1702,미국
1703,중반
1704,주한
1705,미군
1706,철수
1707,지지
1708,경상도
1709,출신
1710,전라도
1711,분탕
1712,경상도
1713,출신
1714,민주당
1715,지지
1716,좌파
1717,전라도
1718,분탕
1719,전라도
1720,출신
1721,전라도
1722,문제
1723,사람
1724,경상도
1725,출신
1726,경상도
1727,문제
1728,전라도
1729,분탕
1730,전라도
1731,출신
1732,이재명
1733,사람
1734,경상도
1735,출신
1736,준석
1737,전라도
1738,분탕
1739,영남
1740,호남
1741,이유
1742,영남
1743,이재명
1744,이유
1745,호남
1746,이유
1747,근본적
1748,강남
1749,사람
1750,자신
1751,사업
1752,소득
1753,근로
1754,소득
1755,상당수
1756,정부
1757,세금
1758,국민
1759,적폐
1760,세력
1761,공공
1762,치부
1763,분노함
1764,선거
1765,선거법
1766,개정
1767,선거
1768,기간
1769,언론
1770,통제
1771,지역
1772,득표율
1773,한번
1774,전라도
1775,통수
1776,통수
1777,서울
1778,계속
1779,수도권
1780,애초
1781,사람
1782,전라도
1783,사람
1784,경상도
1785,사람
1786,생각
1787,전라도
1788,통수
1789,동요
1790,전라도
1791,사전
1792,투표
1793,개표
1794,신청
1795,가기
1796,광주
1797,비율
1798,경악
1799,전라도
1800,전라
1801,내가
1802,전라도
1803,전라도
1804,이상
1805,전라도
1806,비하
1807,자랑
1808,의문
1809,니들
1810,현실
1811,전라도
1812,사람
1813,취급
1814,정상적
1815,사고방식
1816,부탁
1817,현실
1818,상종
1819,니들
1820,이랑
1821,학교
1822,전라도
1823,전라도
1824,임기
1825,이미지
1826,중국인
1827,보수
1828,정신병
1829,자야
1830,정신병자
1831,보수
1832,혐오
1833,민주당
1834,몰표
1835,악순환
1836,전라도
1837,경상도
1838,출신
1839,절대
1840,전라
1841,지금
1842,후반
1843,외지인
1844,대구
1845,경북
1846,전라도
1847,생각
1848,회사
1849,외지인
1850,전라도
1851,논밭
1852,대구
1853,경북
1854,공업
1855,단지
1856,외부
1857,유입
1858,차이나
1859,전라도
1860,사람
1861,라도
1862,출신
1863,사람
1864,전라도
1865,지역
1866,이유
1867,비하
1868,내가
1869,지역
1870,지성
1871,내가
1872,구라
1873,생각
1874,사람
1875,내가
1876,전라도
1877,이유
1878,생각
1879,전라도
1880,후반
1881,현실
1882,지역
1883,차별
1884,발언
1885,정치판
1886,지역
1887,전라도
1888,대가리
1889,전라도
1890,전라도
1891,문제
1892,이대
1893,관심도
1894,주고
1895,생각
1896,인천
1897,이대
1898,이재명
1899,이재명
1900,불륜
1901,의혹
1902,형수
1903,상대
1904,얘기
1905,조카
1906,성남
1907,국제
1908,마피아
1909,조직원
1910,마찬가지
1911,인권
1912,변호사
1913,이재명
1914,변호
1915,취업
1916,나라
1917,관심
1918,이재명
1919,준석
1920,평소
1921,한남
1922,스테레오
1923,타입
1924,현신
1925,짜증
1926,투표
1927,목적
1928,사람
1929,행동
1930,반년
1931,여가
1932,폐지
1933,지지율
1934,부활
1935,고민
1936,여자
1937,취급
1938,조롱
1939,정의
1940,승리
1941,생각
1942,정도
1943,현실
1944,현실
1945,소리
1946,분위기
1947,무서움
1948,남자애
1949,사람
1950,이재명
1951,이유
1952,여성
1953,친화
1954,정책
1955,얘기
1956,형수
1957,여성
1958,공약
1959,여자
1960,대가리
1961,꽃밭
1962,이재명
1963,민주당
1964,절대아
1965,의대
1966,흑우
1967,이재명
1968,여성관
1969,여자
1970,가치관
1971,여성
1972,친화
1973,수도
1974,사실
1975,여자
1976,패악
1977,자신
1978,쥐꼬리
1979,이득
1980,이재명
1981,정책
1982,이대
1983,지지율
1984,여자
1985,선비
1986,조롱
1987,여자
1988,조롱
1989,지자
1990,조롱
1991,조롱
1992,보고
1993,정치
1994,뇌가
1995,세대
1996,지성
1997,근처
1998,평균
1999,수준
2000,문제
2001,남성
2002,이대
2003,성비
2004,망이
2005,이대
2006,나라
2007,페미니즘
2008,국가
2009,이교도
2010,처단
2011,선거일
2012,전라도
2013,여자
2014,과학
2015,총선
2016,이부
2017,지역
2018,비하
2019,망언
2020,역할
2021,여가
2022,부의
2023,지배
2024,이대
2025,페미니즘
2026,노예
2027,대신
2028,현실
2029,종교
2030,신천지
2031,주입
2032,피해
2033,망상
2034,혐오
2035,구역
2036,도태
2037,한남
2038,여자
2039,택시
2040,분내
2041,이상
2042,남친
2043,이상
2044,방향
2045,판단
2046,여자
2047,남동생
2048,주장
2049,남자
2050,친구
2051,여자
2052,아저씨
2053,주세
2054,애비
2055,여가
2056,여성
2057,인권
2058,성범죄
2059,집단
2060,여가
2061,자체
2062,존재
2063,역설적
2064,여성
2065,인권
2066,남성
2067,범죄율
2068,치안
2069,우리나라
2070,성범죄
2071,평등
2072,성별
2073,범죄
2074,하나
2075,여가
2076,존재
2077,의의
2078,죄인
2079,공포
2080,마케팅
2081,혈안
2082,여가
2083,포항
2084,택시
2085,사망
2086,사건
2087,여초
2088,결국
2089,치안
2090,불안
2091,한남
2092,잘못
2093,귀결
2094,한국
2095,남자
2096,사고
2097,현장
2098,한국
2099,남자
2100,조직
2101,관리
2102,측면
2103,대형
2104,사고
2105,발생
2106,이유
2107,재인
2108,편향
2109,인사
2110,능력
2111,친분
2112,이념
2113,특정
2114,정치인
2115,편의
2116,사람
2117,구성
2118,인사
2119,조직
2120,운영
2121,성과
2122,목적
2123,중시
2124,필연적
2125,조직
2126,파행
2127,운영
2128,방치
2129,징후
2130,총선
2131,당시
2132,유권자
2133,지적
2134,선관위
2135,일부
2136,조직
2137,선거
2138,절차
2139,준수
2140,소수
2141,야권
2142,지지자
2143,결과
2144,조작
2145,의혹
2146,선관위
2147,해당
2148,주장
2149,수동적
2150,반응
2151,일부
2152,핵심
2153,자료
2154,공개
2155,거부
2156,음모
2157,일부
2158,극우
2159,편집증
2160,환자
2161,선관위
2162,자신
2163,주의
2164,학교
2165,연세
2166,한국
2167,남자
2168,도태
2169,남도
2170,평균
2171,여자
2172,치기
2173,오징어
2174,지킴
2175,단어
2176,자체
2177,여자
2178,의식
2179,내포
2180,유행어
2181,대체
2182,도태
2183,생각
2184,사람
2185,취급
2186,생각
2187,민주당
2188,이번
2189,녹취록
2190,공작
2191,지점
2192,도태
2193,반미
2194,사람
2195,대체
2196,참지
2197,주자
2198,도태
2199,남녀
2200,순도
2201,마을
2202,생남
2203,논란
2204,핵심
2205,진영
2206,남자
2207,여자
2208,연애
2209,장기간
2210,능력자
2211,프레임
2212,여자
2213,남자
2214,공부
2215,전문직
2216,여대
2217,스쿨
2218,약대
2219,의대
2220,독점
2221,평균적
2222,세대
2223,여자
2224,사회적
2225,불이익
2226,혜택
2227,이해
2228,안됨
2229,부모님
2230,세대
2231,사회적
2232,남녀
2233,차별
2234,존재
2235,유리
2236,천장
2237,경험
2238,후반
2239,여자
2240,존재
2241,유무
2242,불명확
2243,유리
2244,천장
2245,경험
2246,어림
2247,여초
2248,집단
2249,남자애
2250,페미니즘
2251,주장
2252,기준
2253,성희롱
2254,정도
2255,일상
2256,문제시
2257,노인
2258,한국
2259,전라도
2260,소식
2261,사전
2262,투표율
2263,하나
2264,좌파
2265,대가리
2266,부정
2267,두개
2268,케이스
2269,대선
2270,후보
2271,인정
2272,게이
2273,불만
2274,인륜
2275,정부
2276,여중
2277,여고
2278,여고
2279,시절
2280,최근
2281,언급
2282,여초
2283,커뮤니티
2284,당시
2285,무엇
2286,커뮤니티
2287,캡처
2288,한참
2289,그때
2290,다음
2291,아버지
2292,남자
2293,형제
2294,여름
2295,노브
2296,학교
2297,오기
2298,선동
2299,모교
2300,경상도
2301,시절
2302,혜화
2303,시위
2304,버스
2305,서울
2306,결국
2307,졸업
2308,코어
2309,정신
2310,결국
2311,코어
2312,외대
2313,주장
2314,게시물
2315,스타
2316,친구
2317,한국
2318,외국
2319,여자
2320,나도
2321,추행
2322,운동
2323,레깅스
2324,엉덩이
2325,남자
2326,반바지
2327,지하철
2328,다리
2329,사진
2330,중년
2331,남자
2332,이상
2333,사람
2334,혐오
2335,방향
2336,사람
2337,남성
2338,아들
2339,도박
2340,매매
2341,아이
2342,지지
2343,콘크리트
2344,보수
2345,대통령
2346,선거
2347,드립
2348,개똥
2349,인거
2350,미러
2351,여자
2352,한남
2353,남자
2354,개념
2355,이재명
2356,도태
2357,한남
2358,도태
2359,미년
2360,중국
2361,수년
2362,좌파
2363,카르텔
2364,지독
2365,대한민국
2366,암적
2367,존재
2368,조선족
2369,지령
2370,수행
2371,종족
2372,정상
2373,남녀
2374,중국인
2375,한국말
2376,성향
2377,지지
2378,뇌수
2379,수준
2380,그동안
2381,한남
2382,이해
2383,이번
2384,공격
2385,이해
2386,여자
2387,절대
2388,남녀
2389,양극단
2390,배척
2391,오기
2392,자야
2393,여시
2394,집단
2395,좌표
2396,결집
2397,여시
2398,연합
2399,친구
2400,덕분
2401,이대
2402,투표율
2403,역대
2404,대부분
2405,간과
2406,남녀
2407,갈등
2408,북한
2409,중국
2410,목표
2411,청주
2412,간첩단
2413,북한
2414,청주
2415,간첩단
2416,아래
2417,지시
2418,자유
2419,한국
2420,여성
2421,천시
2422,각인
2423,여성
2424,혐오감
2425,증대
2426,자유
2427,한국
2428,여성
2429,혐오
2430,남녀
2431,차별
2432,반대
2433,사회적
2434,약자
2435,보호
2436,상식적
2437,사상
2438,페미니즘
2439,페미니즘
2440,반대
2441,의견
2442,사회적
2443,약자
2444,의미
2445,도태
2446,프레임
2447,공격
2448,사회적
2449,약자
2450,남성
2451,조롱
2452,멸시
2453,대상
2454,이해
2455,지원
2456,대상
2457,사실
2458,깨달음
2459,조롱
2460,번식
2461,남자
2462,성차별
2463,프레임
2464,공격
2465,사회적
2466,약자
2467,남성
2468,손해
2469,최상
2470,권력층
2471,여성
2472,할당
2473,중요
2474,이득
2475,극소수
2476,상위
2477,계층
2478,여성
2479,와중
2480,여시
2481,도태
2482,친구
2483,형수
2484,사람
2485,인증
2486,충견
2487,순백
2488,두뇌
2489,상상
2490,여자
2491,한남
2492,기분
2493,이번
2494,깨달음
2495,수준
2496,취급
2497,발작
2498,미안
2499,발작
2500,웃기
2501,여자
2502,남만
2503,토요일
2504,새벽
2505,정상
2506,남녀
2507,본인
2508,인척
2509,남이면
2510,일동
2511,지지
2512,화력
2513,인정
2514,조루
2515,정직
2516,사람
2517,좌파
2518,조선족
2519,타격
2520,현생
2521,일부
2522,착각
2523,능력
2524,페미니즘
2525,남자
2526,페미니즘
2527,남자
2528,일부
2529,도태
2530,남자
2531,남자
2532,대부분
2533,페미니즘
2534,고소득
2535,남자
2536,성향
2537,여자
2538,성향
2539,결과
2540,여자
2541,투표
2542,여학생
2543,회가
2544,폐지
2545,독립
2546,운동가
2547,안중근
2548,열사
2549,한남
2550,조롱
2551,남성
2552,성기
2553,찬양
2554,개오
2555,교수님
2556,딱이
2557,중국
2558,입문
2559,수변
2560,멸망
2561,삼보
2562,김치찌개
2563,업그레이드
2564,시발
2565,대학교
2566,시발
2567,음대
2568,문화
2569,불만
2570,폐습
2571,꼰대
2572,문화
2573,확률
2574,확률
2575,시골
2576,상처
2577,사람
2578,지하철
2579,촌놈
2580,교회
2581,음악
2582,기본적
2583,생각
2584,사람
2585,여자
2586,여자
2587,반응
2588,내가
2589,마라
2590,중국인
2591,가족
2592,구월동
2593,마라
2594,결과
2595,원탑
2596,엄마
2597,입맛
2598,연속
2599,마라
2600,국장
2601,함박
2602,세트
2603,김치
2604,마늘쫑
2605,장아찌
2606,합창
2607,꼰대
2608,치과
2609,대학
2610,고질적
2611,병폐
2612,대부분
2613,병원
2614,사람
2615,뿔테
2616,남자
2617,성수동
2618,할머니
2619,근처
2620,시장
2621,소화
2622,결국
2623,성수
2624,망원
2625,한남
2626,주요
2627,소위
2628,지역
2629,대부분
2630,외식
2631,카페
2632,대부분
2633,임대
2634,업자
2635,건물주
2636,예술
2637,병이
2638,선녀
2639,여자
2640,안보
2641,교육
2642,필요
2643,이유
2644,간한
2645,지금
2646,비대
2647,단체
2648,천사
2649,조교
2650,열등감
2651,사람
2652,헬스장
2653,스타
2654,아이디
2655,목질
2656,개꼴
2657,동기
2658,이상
2659,니야
2660,반말
2661,언니
2662,누나
2663,오빠
2664,꼰대
2665,나중
2666,사회생활
2667,중국
2668,북한
2669,러시아
2670,무엇
2671,취급
2672,진보
2673,나라
2674,덩어리
2675,세대
2676,대구
2677,선두
2678,지자체
2679,연쇄적
2680,해제
2681,노인네
2682,손주
2683,재롱
2684,전쟁
2685,고한
2686,사람
2687,생각
2688,전사
2689,만약
2690,사지
2691,용서
2692,죽음
2693,대가
2694,자유
2695,주거
2696,민족
2697,과거
2698,이탈리아
2699,무엇
2700,고통
2701,뼛속
2702,모두
2703,침략자
2704,위선자
2705,자신
2706,생각
2707,하룻밤
2708,놀이
2709,상대
2710,접근
2711,자신
2712,매력
2713,생각
2714,콧대
2715,자신
2716,매력
2717,상대
2718,주제
2719,다도
2720,수가
2721,공백
2722,수가
2723,급감
2724,남자
2725,건강
2726,자신감
2727,얼굴
2728,주변
2729,장점
2730,사친
2731,얼굴
2732,조선족
2733,상황
2734,협박
2735,생각
2736,지도
2737,돼지
2738,평등
2739,징병제
2740,대선
2741,공약
2742,선택
2743,임신
2744,정상적
2745,사람
2746,합리적
2747,지능
2748,여자
2749,어머님
2750,여자
2751,지가
2752,이상
2753,남자
2754,사랑
2755,안하
2756,피해자
2757,스프
2758,중하
2759,정치인
2760,친일파
2761,생각
2762,의리
2763,미개
2764,국가
2765,미국인
2766,이제
2767,주한
2768,미군
2769,양심
2770,나라
2771,경제
2772,실리
2773,외교
2774,무능
2775,침략국
2776,조롱
2777,나라
2778,흉부
2779,결핵
2780,진단서
2781,보건
2782,소나
2783,병원
2784,결핵
2785,검사
2786,발급
2787,가능
2788,입사
2789,기준
2790,이내
2791,검사
2792,유효
2793,러시아
2794,강대국
2795,이익
2796,희생
2797,민주
2798,주의
2799,자신
2800,후손
2801,자유
2802,인권
2803,광주
2804,정신
2805,지도자
2806,러시아
2807,자극
2808,나의
2809,정세
2810,역사
2811,생각
2812,아픔
2813,슬픔
2814,정신
2815,생각
2816,자신
2817,이익
2818,얘기
2819,얘기
2820,국민
2821,세계
2822,발언
2823,비판
2824,냄새
2825,기본
2826,사리
2827,모자
2828,중국
2829,당면
2830,정도
2831,난민
2832,캠프
2833,남성
2834,비율
2835,감소
2836,가족
2837,나라
2838,난민
2839,비교
2840,이제
2841,생각
2842,라면
2843,중국
2844,굴복
2845,철수
2846,친서
2847,스키
2848,대통령
2849,후보
2850,우리나라
2851,동남아
2852,노자
2853,외모
2854,평가
2855,사람
2856,미국인
2857,세련
2858,인종
2859,차별
2860,인종
2861,차별
2862,시마
2863,민간인
2864,여자
2865,군대
2866,개념
2867,생존
2868,확률
2869,문제
2870,학교
2871,소득
2872,소득
2873,수록
2874,지방대
2875,과반수
2876,이상
2877,장학금
2878,통계
2879,친구
2880,소득
2881,대학
2882,등록금
2883,모두
2884,대학가
2885,교육
2886,한국
2887,입시
2888,정도
2889,대학
2890,직업
2891,교육
2892,사회적
2893,개인
2894,생각
2895,등록금
2896,보조
2897,전세금
2898,보조
2899,이득
2900,여자
2901,경감
2902,남경
2903,추행
2904,러시아
2905,대장
2906,미국
2907,폴란드
2908,의대
2909,이유
2910,민족적
2911,역사적
2912,친밀감
2913,이유
2914,주의자
2915,주의자
2916,집권
2917,줄타기
2918,시전
2919,러시아
2920,증오
2921,혐오
2922,빨갱이
2923,수도
2924,해방
2925,나치
2926,실패
2927,학살
2928,선택
2929,사람
2930,미국
2931,무기
2932,거지
2933,전형적
2934,전세
2935,사기
2936,수법
2937,손해
2938,크림
2939,반도
2940,러시아인
2941,나인
2942,정도
2943,경상도
2944,크기
2945,지역
2946,러시아
2947,강제
2948,합병
2949,지역
2950,함대
2951,주둔
2952,사진
2953,파란색
2954,지역
2955,러시아인
2956,이상
2957,지역
2958,노란색
2959,지역
2960,러시아인
2961,미만
2962,지역
2963,투표
2964,경계
2965,나라
2966,크림
2967,돈바스
2968,지역
2969,러시아
2970,반쯤
2971,거구
2972,러시아
2973,계가
2974,이상인
2975,지역
2976,정치적
2977,후드
2978,뒷부분
2979,무슬림
2980,여자
2981,군대
2982,외교관
2983,후보자
2984,선발
2985,시험
2986,신청
2987,가기
2988,정치적
2989,세기
2990,공산주의
2991,나라
2992,시스템
2993,프리
2994,이드
2995,기생충
2996,광부
2997,직업
2998,여성
2999,차별
3000,대도
3001,관심
3002,주고
3003,사무실
3004,여경
3005,공무원
3006,약사
3007,체리
3008,악질
3009,종양
3010,여성
3011,인권
3012,양성
3013,평등
3014,이미지
3015,문제
3016,귀틀막
3017,외면
3018,정책
3019,초록색
3020,지역
3021,기존
3022,러시아
3023,반군
3024,세력
3025,점령
3026,지역
3027,분홍색
3028,지역
3029,현재
3030,공격
3031,지역
3032,정치적
3033,서구권
3034,정의
3035,능력
3036,자기
3037,사상
3038,불과
3039,국토
3040,산인
3041,나라
3042,타국
3043,육군
3044,미군
3045,억제
3046,미군
3047,사상가
3048,진애
3049,중국인
3050,새내기
3051,교차
3052,지원
3053,생각
3054,흉터
3055,제거
3056,집착
3057,수준
3058,얼굴
3059,나중
3060,정상인
3061,남자
3062,미가
3063,행동
3064,성별
3065,프레임
3066,강요
3067,이분법
3068,사고
3069,저세상
3070,피해
3071,망상
3072,반박
3073,군대
3074,성범죄
3075,시브
3076,발동
3077,명분
3078,생각
3079,교차
3080,공수
3081,공물
3082,공화
3083,자리
3084,문과
3085,돼지고기
3086,고기
3087,방패
3088,운하
3089,세대
3090,쪽지
3091,만난
3092,쪽지
3093,분위기
3094,시작
3095,피해
3096,자중
3097,하나
3098,치기
3099,마음
3100,쪽지
3101,내가
3102,처단
3103,여자
3104,인척
3105,시절
3106,낚시
3107,하루
3108,과외
3109,길이
3110,기도
3111,쪽지
3112,오나
3113,호구
3114,관찰
3115,큰애
3116,쪽지
3117,내가
3118,입장
3119,쪽지
3120,궁금증
3121,쪽지
3122,이것저것
3123,차단
3124,공부
3125,의대
3126,자존
3127,새내기
3128,자신
3129,자존
3130,타인
3131,거리
3132,성장
3133,생각
3134,이과
3135,문과
3136,교차
3137,모양새
3138,강남
3139,자가
3140,벌이
3141,공무원
3142,가정
3143,동남아
3144,아프리카
3145,남미
3146,국가
3147,장학금
3148,자칭
3149,가난
3150,친구
3151,단독
3152,폭행
3153,만취
3154,무고죄
3155,무혐의
3156,외국인
3157,외국인
3158,나라
3159,한국
3160,역사
3161,당시
3162,영상
3163,민주
3164,주의
3165,토론
3166,수업
3167,기억
3168,작년
3169,전두환
3170,아저씨
3171,소식
3172,마음속
3173,생각
3174,사과
3175,아내
3176,대신
3177,사과
3178,전두환
3179,아저씨
3180,남자
3181,사람
3182,본인
3183,아내
3184,대신
3185,생각
3186,문화
3187,차이
3188,일지
3189,이상
3190,이상
3191,서구
3192,나라
3193,민주
3194,주의
3195,동의
3196,사건
3197,상식적
3198,마음
3199,사건
3200,생각
3201,주제
3202,현상
3203,보이
3204,마음
3205,정당화
3206,유대인
3207,주제
3208,생각
3209,내가
3210,외국인
3211,자격
3212,한국인
3213,모습
3214,자체
3215,유감
3216,글자
3217,정치
3218,생각
3219,하루
3220,자신
3221,인정
3222,자기
3223,개발
3224,하자
3225,페미니즘
3226,확산
3227,암묵
3228,차별
3229,의식
3230,여성
3231,피해자
3232,범죄
3233,사회적
3234,경각심
3235,순기능
3236,생각
3237,피해
3238,의식
3239,코르셋
3240,강요
3241,계속
3242,의미
3243,여자
3244,프레임
3245,결국
3246,군대
3247,남자
3248,조롱
3249,남성
3250,자체
3251,혐오
3252,양성
3253,평등
3254,여성
3255,정책
3256,조건
3257,지지
3258,여자
3259,여자
3260,편이
3261,자신
3262,정의
3263,자부
3264,성별
3265,모두
3266,평등
3267,주장
3268,양성
3269,평등
3270,생각
3271,여자
3272,사람
3273,남자
3274,이대
3275,지지율
3276,정신
3277,정치
3278,의미
3279,부여
3280,이상
3281,생각
3282,투표권
3283,한번
3284,민주당
3285,박근
3286,늙은이
3287,지성
3288,생과
3289,본인
3290,전라도
3291,사람
3292,발작
3293,버튼
3294,인성
3295,파탄
3296,광주
3297,시민
3298,박제
3299,여자
3300,집단
3301,건조
3302,엘리트
3303,집단
3304,기본적
3305,이상한
3306,마초
3307,문화
3308,여자
3309,쿼터
3310,사람
3311,본인
3312,역할
3313,사람
3314,남자
3315,인턴
3316,인턴
3317,여자
3318,쿼터
3319,인턴
3320,입사
3321,남자
3322,인턴
3323,아이러니
3324,상황
3325,시간
3326,문제
3327,여자
3328,바보
3329,이상
3330,남자
3331,인턴
3332,실력
3333,만도
3334,여자
3335,신입
3336,필요
3337,바퀴
3338,족장
3339,심각
3340,족보
3341,인줄
3342,모름
3343,족장
3344,족장
3345,족보
3346,학원
3347,운전기사
3348,조선족
3349,중국
3350,공안
3351,아빠
3352,전화번호
3353,남자
3354,빙고
3355,빙고
3356,내가
3357,녹음
3358,처리
3359,바보
3360,경고
3361,직원
3362,간접적
3363,미안
3364,남자
3365,평등
3366,센터
3367,신뢰성
3368,바닥
3369,단어
3370,세계
3371,모든
3372,인민
3373,일어
3374,중국
3375,사회
3376,제국
3377,주의
3378,규정
3379,반대
3380,중국
3381,인민
3382,텃밭
3383,문과
3384,문제지
3385,페미니즘
3386,정신병
3387,페미니즘
3388,범죄
3389,집단
3390,정신병
3391,중범죄
3392,집단
3393,러시아
3394,차력
3395,일본
3396,피겨
3397,일본
3398,오리
3399,라도
3400,미국
3401,개지랄
3402,타과
3403,진심
3404,추천
3405,송도
3406,새내기
3407,이번
3408,베이징
3409,올림픽
3410,중국인
3411,베이징
3412,올림픽
3413,중국
3414,블루투스
3415,터치
3416,마리오
3417,카트
3418,아이템
3419,거보
3420,자기
3421,주작
3422,클린
3423,태도
3424,캐나다
3425,한국
3426,독일
3427,일본
3428,선수
3429,자기
3430,중국
3431,유리
3432,주작
3433,상임
3434,중국인
3435,인식
3436,국내
3437,생각
3438,사실
3439,주작
3440,사람
3441,한명
3442,여성
3443,운동
3444,기해
3445,한남
3446,유충
3447,혐오
3448,용어
3449,등장
3450,혐오
3451,민폐
3452,세계적
3453,흐름
3454,미명하
3455,자행
3456,유사
3457,살인
3458,행위
3459,여성
3460,인권
3461,운동가
3462,잠재적
3463,살인
3464,부족
3465,선동
3466,사실
3467,관계
3468,확인
3469,현대인
3470,공산당
3471,아래
3472,시진
3473,한마디
3474,돼지
3475,중국
3476,국민
3477,중국인
3478,한국
3479,인천광역시
3480,연수구
3481,과학
3482,미들
3483,행동
3484,미러
3485,범주
3486,한참
3487,선거
3488,진작
3489,이제
3490,미러
3491,범주
3492,한참
3493,선거
3494,예전
3495,덕성
3496,여대
3497,매매
3498,후기
3499,한남
3500,유충
3501,정상적
3502,남자
3503,본적
3504,트위터
3505,여자
3506,이유
3507,루머
3508,확인
3509,불분명
3510,페이지
3511,확산
3512,트위터
3513,여자
3514,증원
3515,안해
3516,학교
3517,양배추
3518,사보텐
3519,도쿄
3520,매력
3521,튀김옷
3522,절반
3523,돼지고기
3524,특유
3525,냄새
3526,소스
3527,신경
3528,이번
3529,마지막
3530,스퍼트
3531,여성
3532,위험
3533,노출
3534,영국
3535,독일
3536,스웨덴
3537,나라
3538,강간
3539,범죄율
3540,폭증
3541,이민자
3542,지역
3543,점령
3544,현지
3545,여자애
3546,성노예
3547,사육
3548,한국
3549,이민자
3550,주변
3551,친구
3552,수거
3553,무직
3554,등골
3555,브레이커
3556,접종
3557,자가
3558,증자
3559,사망자
3560,이상
3561,남동
3562,흑심
3563,특등
3564,유향
3565,꼰대
3566,문과
3567,성인
3568,성별
3569,교육
3570,머리
3571,증거
3572,남녀
3573,갈등
3574,조선족
3575,족장
3576,족장
3577,족장
3578,족장
3579,족장
3580,족장
3581,족장
3582,족장
3583,족장
3584,족장
3585,족장
3586,족장
3587,가난
3588,동네
3589,학부모
3590,가격
3591,당근
3592,이용
3593,워킹
3594,전업
3595,주부
3596,기업
3597,나라
3598,여가
3599,올해
3600,예산
3601,소국
3602,굴복
3603,청나라
3604,우방
3605,조선
3606,멸망
3607,청나라
3608,한족
3609,역사가
3610,이해
3611,청나라
3612,명나라
3613,중국
3614,명나라
3615,청나라
3616,중국
3617,이상
3618,청나라
3619,사람
3620,중국어
3621,한국어
3622,중국어
3623,이상
3624,국은
3625,역사
3626,왜곡
3627,중화
3628,문명
3629,야만인
3630,멸망
3631,조선
3632,미안
3633,조선
3634,충직
3635,신하
3636,나라
3637,청나라
3638,야만
3639,나라
3640,거만
3641,주제
3642,조선
3643,중국
3644,항복
3645,이과
3646,생이
3647,문과
3648,혐오
3649,남자
3650,여자
3651,증오
3652,여자
3653,남자
3654,경멸
3655,듀얼
3656,아래
3657,남자
3658,여자
3659,국제
3660,대도
3661,성소
3662,수자
3663,당황
3664,공공칠
3665,중국
3666,반칙
3667,이번
3668,올림픽
3669,심판
3670,중국
3671,이유
3672,스킨
3673,우리나라
3674,흑우
3675,센트
3676,수입
3677,중국
3678,정부
3679,세금
3680,증가
3681,심판
3682,중국
3683,눈치
3684,남성
3685,잠재적
3686,범죄자
3687,여성
3688,안전
3689,교육
3690,진행
3691,사람
3692,인식
3693,여성
3694,만이
3695,남성
3696,잠재적
3697,인식
3698,범죄자
3699,증명
3700,여가
3701,선동
3702,여가
3703,폐지
3704,이유
3705,내면
3706,안됨
3707,참고
3708,자유
3709,어처구니
3710,생물학
3711,변이
3712,성소
3713,수자
3714,사람
3715,자신
3716,특별
3717,소수
3718,집단
3719,소속감
3720,존중
3721,기호
3722,지세
3723,언론
3724,시민
3725,사회
3726,대학가
3727,사회
3728,영역
3729,여성
3730,가족
3731,글자
3732,반향
3733,조선족
3734,입국
3735,혐오
3736,군대
3737,자대
3738,성폭력
3739,예방
3740,교육
3741,인권
3742,교육
3743,혐오감
3744,남자
3745,외부
3746,여성
3747,시민
3748,단체
3749,사람
3750,니들
3751,예비
3752,범죄자
3753,니들
3754,생각
3755,소리
3756,주기적
3757,군역
3758,의무
3759,안진
3760,인간
3761,군대
3762,남자
3763,이유
3764,예비
3765,범죄자
3766,취급
3767,사회
3768,인간
3769,취급
3770,안해
3771,마라
3772,꼬치
3773,대부분
3774,한중
3775,수교
3776,중국인
3777,운영
3778,대부분
3779,국내
3780,조선족
3781,가게
3782,트집
3783,페널티
3784,관중
3785,환호
3786,방문
3787,한남
3788,손가락
3789,목동
3790,게이
3791,공돌이
3792,수학
3793,정리
3794,노트
3795,수학
3796,인공지능
3797,학번
3798,편입생
3799,남자
3800,기분
3801,방구석
3802,코로나
3803,거의
3804,간부
3805,군무원
3806,기본권
3807,병사
3808,제한
3809,경희대
3810,한글
3811,근황
3812,결국
3813,남편
3814,자식
3815,양육비
3816,중의
3817,신세
3818,포기
3819,중국
3820,나라
3821,족속
3822,멸공
3823,제육
3824,고추장
3825,크림
3826,애초
3827,쿼드
3828,구성
3829,러시아
3830,시작
3831,부상
3832,나간
3833,선수
3834,발생
3835,발생
3836,포스터
3837,주민
3838,검열
3839,감시
3840,자행
3841,중국
3842,카메라
3843,중공
3844,국기
3845,가슴
3846,선수
3847,모습
3848,포스터
3849,선수
3850,가슴
3851,중공
3852,국기
3853,상징
3854,오성
3855,홍기
3856,부착
3857,중국인
3858,대한민국
3859,대통령
3860,선거
3861,포스터
3862,박장
3863,생각
3864,패널
3865,실격
3866,실격
3867,중국
3868,지대
3869,장사꾼
3870,과거
3871,폐교
3872,이슈
3873,명지
3874,대생
3875,반응
3876,교육부
3877,문과
3878,병신
3879,올해
3880,수능
3881,베이징
3882,어거지
3883,실격
3884,메달
3885,대헌
3886,소리
3887,사람
3888,문화
3889,불안
3890,내재
3891,열등감
3892,방어
3893,기제
3894,집단
3895,중국
3896,메달
3897,합리화
3898,자기
3899,세뇌
3900,번역
3901,중국
3902,자기소개
3903,중국
3904,혐오
3905,혐오
3906,당장
3907,노인
3908,청장년
3909,지원
3910,세금
3911,암말
3912,거지
3913,대면
3914,생각
3915,사람
3916,보고
3917,중국
3918,유학생
3919,상처
3920,걱정
3921,소리
3922,현실
3923,중국인
3924,사실
3925,혐오
3926,사람
3927,오해
3928,걱정
3929,현실
3930,혐오
3931,거리
3932,정신
3933,승리
3934,나라
3935,가주
3936,반공
3937,대륙
3938,토멸
3939,공비
3940,본토
3941,수복
3942,시진
3943,개새끼
3944,중공
3945,공비
3946,양경
3947,사명
3948,하락
3949,연운
3950,선녀
3951,중이
3952,애초
3953,이유
3954,애초
3955,미국
3956,동맹
3957,이상
3958,중국
3959,입장
3960,가상적
3961,미군
3962,주둔
3963,민주당
3964,미국
3965,동맹
3966,중국
3967,수준
3968,중국
3969,관계
3970,이유
3971,악화
3972,한국
3973,중국
3974,한국
3975,기업
3976,제재
3977,빨갱이
3978,주장
3979,자국
3980,주권
3981,손해
3982,중국
3983,저자세
3984,한국
3985,기업
3986,지금
3987,토착
3988,왜구
3989,일본
3990,중국
3991,인간
3992,조선
3993,시대
3994,독립
3995,운동가
3996,친일파
3997,확률
3998,행동
3999,중국
4000,중국
4001,혐오
4002,표현
4003,생각
4004,지성
4005,중은
4006,국익
4007,중국
4008,전쟁
4009,생각
4010,중국
4011,행위
4012,생각
4013,본과
4014,중공
4015,본질적
4016,차이
4017,중공
4018,전자
4019,역사
4020,인식
4021,무사
4022,안일
4023,병신
4024,행정
4025,국가
4026,시민
4027,성과
4028,별개
4029,랜드
4030,수준
4031,정치의식
4032,민주화
4033,의식
4034,병신
4035,나라
4036,체제
4037,유지
4038,극우
4039,역사
4040,문제
4041,독도
4042,일상
4043,생활
4044,피해
4045,후자
4046,인터넷
4047,지네
4048,국민
4049,최종
4050,화판
4051,세기
4052,강제
4053,수용소
4054,대식
4055,시위
4056,진압
4057,아프리카
4058,수준
4059,민도
4060,중화
4061,중심주의
4062,결론
4063,현재
4064,기준
4065,중공
4066,실적
4067,한국
4068,도움
4069,생각
4070,사람
4071,경제
4072,학과
4073,전공
4074,수업
4075,근대
4076,경제사
4077,과목
4078,추천
4079,일본
4080,자국민
4081,먼저
4082,징병
4083,나중
4084,식민지인
4085,징병
4086,라도
4087,면죄부
4088,위안부
4089,일본인
4090,자국
4091,전쟁
4092,훈련
4093,자국
4094,군인
4095,상식
4096,식민지인
4097,자국민
4098,대우
4099,문제지
4100,결정적
4101,식민지
4102,바람
4103,할머니
4104,할아버지
4105,세대
4106,등신
4107,태평양
4108,전쟁
4109,그릇
4110,학교
4111,도시락
4112,선생님
4113,강제
4114,징용
4115,일본
4116,이유
4117,일제
4118,강점기
4119,시장
4120,경제
4121,활성화
4122,논란
4123,일본
4124,비둘기
4125,정치인
4126,암살
4127,정치
4128,극우
4129,내고
4130,군수
4131,산업
4132,확장
4133,전쟁
4134,반복
4135,식민지
4136,경제
4137,박살
4138,내고
4139,일본
4140,분단
4141,국가
4142,민족
4143,내부
4144,갈등
4145,국가
4146,대부분
4147,제국주의
4148,시대
4149,식민
4150,지배
4151,남북
4152,일본
4153,지배
4154,후유증
4155,일본
4156,이유
4157,중국
4158,일본
4159,매한가지
4160,지금
4161,일본
4162,미국
4163,군대
4164,자본주의
4165,복구
4166,서방
4167,자유
4168,진영
4169,우익
4170,정치인
4171,중국
4172,정치
4173,체제
4174,교육
4175,시진
4176,당원
4177,양아치
4178,여기저기
4179,시비
4180,비교
4181,가치
4182,일본
4183,질문
4184,내가
4185,추측
4186,자국민
4187,비하
4188,의식
4189,발현
4190,베이징
4191,올림픽
4192,편파
4193,판정
4194,사람
4195,생각
4196,스타
4197,프로필
4198,박아
4199,나라
4200,살길
4201,이유
4202,중국
4203,유학생
4204,중국
4205,기생충
4206,기어
4207,중국
4208,기어
4209,시진
4210,공산당
4211,중국
4212,정부
4213,비판적
4214,생각
4215,생각
4216,하지
4217,말자
4218,중국
4219,무역
4220,순간
4221,부모님
4222,이상은
4223,퇴직
4224,취업
4225,하기
4226,중국
4227,지랄
4228,동양인
4229,혐오
4230,이해
4231,중국인
4232,피부색
4233,중당
4234,논평
4235,안하
4236,대가리
4237,당시
4238,흑인
4239,금메달
4240,동양인
4241,개최
4242,수반
4243,악수
4244,개가
4245,바퀴벌레
4246,한국
4247,사람
4248,치사
4249,나라
4250,본인
4251,나라
4252,나라
4253,정착
4254,러시아
4255,한국
4256,매스컴
4257,시작
4258,가족
4259,한국인
4260,상대
4261,돈벌이
4262,시전
4263,상황
4264,베이징
4265,올림픽
4266,중국
4267,코치
4268,이자
4269,역사적
4270,치졸
4271,중국
4272,우승
4273,환호
4274,중국인
4275,아이
4276,한국
4277,아이
4278,그룹
4279,폐렴
4280,직전
4281,도쿄
4282,올림픽
4283,중국
4284,올림픽
4285,생각
4286,나름
4287,기대
4288,기분
4289,중국
4290,국력
4291,핑계
4292,멸망
4293,중국인
4294,국적
4295,연예인
4296,교환
4297,학생
4298,정지
4299,남녀
4300,갈등
4301,중국인
4302,이유
4303,중국인
4304,혐오
4305,반수
4306,전적
4307,컴퓨터
4308,시간
4309,중국인
4310,유학생
4311,중국
4312,중국인
4313,자체
4314,혐오
4315,코로나
4316,교환
4317,졸업
4318,이번
4319,편파
4320,정도
4321,내가
4322,중국
4323,이유
4324,인간
4325,방중
4326,올림픽
4327,정신
4328,중국
4329,성적
4330,트집
4331,거지
4332,선수
4333,우리나라
4334,중국
4335,실체
4336,나라
4337,새내기
4338,반칙
4339,어메이
4340,중국인
4341,중국인
4342,중국인
4343,중국
4344,중국인
4345,대헌
4346,패널
4347,중국인
4348,공산당
4349,씹새끼
4350,심판
4351,중국인
4352,혼혈
4353,중국인
4354,결승
4355,우연
4356,중국인
4357,경기
4358,중국인
4359,메달
4360,혼혈
4361,중국인
4362,우연
4363,연예계
4364,퇴출
4365,불곰
4366,국은
4367,선녀
4368,육대가
4369,권위
4370,고려대
4371,빨간색
4372,공개
4373,사과
4374,중국인
4375,중국
4376,진심
4377,혐오
4378,이유
4379,결론
4380,더러운
4381,독재
4382,대가리
4383,국민
4384,콜라
4385,변화
4386,가능성
4387,수렴
4388,중국
4389,정권
4390,교체
4391,문제
4392,중국
4393,혐오
4394,중국
4395,지구
4396,지구
4397,도움
4398,중국
4399,여자
4400,결승
4401,멸망
4402,중국
4403,시발
4404,나라
4405,중국인
4406,올림픽
4407,근황
4408,박장
4409,스케이트
4410,손등
4411,경기
4412,올림픽
4413,코치
4414,항의
4415,안해
4416,중국
4417,패널
4418,안주
4419,개열
4420,메이드
4421,차이나
4422,클라
4423,멸공
4424,만도
4425,나라
4426,반면
4427,여자
4428,구애
4429,남자
4430,사람
4431,몸매
4432,칭찬
4433,접근
4434,남자
4435,거부감
4436,동물
4437,짝짓기
4438,원리
4439,연애
4440,시장
4441,남녀평등
4442,오류
4443,한편
4444,아이러니
4445,연애
4446,시장
4447,남녀
4448,불균형
4449,해소
4450,대가리
4451,현생
4452,미들
4453,한남
4454,나라
4455,발작
4456,버튼
4457,거지
4458,여자
4459,골반
4460,남성
4461,어깨
4462,반박
4463,니들
4464,어깨
4465,허벅지
4466,복근
4467,남녀
4468,공용
4469,화장실
4470,술집
4471,화장실
4472,남자
4473,나라
4474,중국
4475,의심
4476,지네
4477,반일
4478,선봉장
4479,중국
4480,특징
4481,일제
4482,불법
4483,점령
4484,대학살
4485,발작
4486,자신
4487,불법
4488,점령
4489,티베트
4490,위구르
4491,소수
4492,민족
4493,탄압
4494,학살
4495,일제
4496,두발
4497,멸망
4498,나라
4499,제국주의
4500,운운
4501,일제
4502,지구상
4503,나라
4504,일제
4505,코미디
4506,중국
4507,중국
4508,나치
4509,반박
4510,중국인
4511,학사
4512,지도
4513,링크
4514,참고
4515,중국
4516,일본
4517,세기
4518,보편적
4519,한국인
4520,일본
4521,중국
4522,역사
4523,민족
4524,미래
4525,과거
4526,현재
4527,논리
4528,일본
4529,마찬가지
4530,친일파
4531,일제
4532,일제
4533,강점기
4534,가슴
4535,역사
4536,혐오
4537,시대
4538,중국
4539,동북
4540,공정
4541,문화
4542,약탈
4543,중국
4544,국가
4545,차원
4546,경계
4547,반감
4548,미필
4549,육군
4550,일반
4551,징집
4552,절대
4553,가지
4554,마라
4555,중공
4556,사실
4557,여성
4558,해당
4559,남성
4560,국제
4561,음성
4562,기호
4563,표기
4564,우리말
4565,발음
4566,러시아
4567,남자
4568,원어
4569,발음
4570,이유
4571,이상
4572,여자
4573,장애인
4574,단체
4575,시위
4576,전문직
4577,최소
4578,약대
4579,라이프
4580,시작
4581,백신
4582,패스
4583,초반
4584,여론
4585,접종
4586,사회악
4587,취급
4588,이해
4589,주변인
4590,제로
4591,무엇
4592,사방팔방
4593,베트콩
4594,마라
4595,냄새
4596,얼레
4597,벌레
4598,지리산
4599,주둥이
4600,억압
4601,여자
4602,대가리
4603,예비
4604,새내기
4605,라이프
4606,학번
4607,마인드
4608,일부
4609,벌레
4610,감사
4611,지금
4612,불효
4613,내가
4614,졸업
4615,독립
4616,조선인
4617,눈치
4618,민족
4619,정부
4620,방역
4621,패스
4622,유지
4623,눈치
4624,결국
4625,제주
4626,응가
4627,제주
4628,제주
4629,백신
4630,효과
4631,접종
4632,자가
4633,접종
4634,접종
4635,이성
4636,자신감
4637,입결
4638,교차
4639,정시
4640,수시
4641,접종
4642,논리
4643,개밥
4644,만도
4645,폐기물
4646,영화
4647,고추장
4648,여자
4649,스타일
4650,여자
4651,정리
4652,드림
4653,술잔
4654,기재
4655,중국인
4656,더러움
4657,여가
4658,폐지
4659,찬성
4660,추천
4661,공무원
4662,피라미드
4663,아래쪽
4664,남자
4665,할당제
4666,유형
4667,여자
4668,쪽수
4669,남자
4670,이득
4671,의약
4672,이공계
4673,임원
4674,교수
4675,할당제
4676,제외
4677,다도
4678,손해
4679,원래
4680,논리
4681,자체
4682,싸이코
4683,당장
4684,주변
4685,재경
4686,준비
4687,여자
4688,스쿨
4689,가능
4690,미니
4691,준비
4692,약대
4693,여대
4694,이공계
4695,교수
4696,준비
4697,공기업
4698,준비
4699,준비
4700,이득
4701,중이
4702,다라
4703,배화
4704,무식
4705,미들
4706,사실
4707,남자
4708,표현
4709,생각
4710,태블릿
4711,설문
4712,조사
4713,신천지
4714,자존
4715,자존
4716,개념
4717,자체
4718,생각
4719,틀니
4720,근황
4721,임신부
4722,여자
4723,임산
4724,부석
4725,뉴스
4726,감도
4727,자연
4728,연인
4729,여자
4730,남자
4731,데이트
4732,지금
4733,이래
4734,사람
4735,바라
4736,여자애
4737,소름
4738,사람
4739,굴복
4740,거지
4741,사과
4742,한마디
4743,빈년
4744,참교육
4745,표현
4746,사랑
4747,연애
4748,지가
4749,일부
4750,여자
4751,여자
4752,남자애
4753,최소
4754,꾸미
4755,이대
4756,이번
4757,투표
4758,하자
4759,송영
4760,개돼지
4761,여자
4762,남자
4763,딱이
4764,할당
4765,단체
4766,정치
4767,단체
4768,선심
4769,학생회
4770,동아리
4771,뒤풀이
4772,미팅
4773,동성
4774,친구
4775,오기
4776,학과
4777,학과
4778,내의
4779,친구
4780,선배
4781,보은
4782,하기
4783,자기
4784,주도
4785,활동
4786,친구
4787,스타
4788,아이디
4789,공유
4790,연락처
4791,교환
4792,여자
4793,직장
4794,보직
4795,공무원
4796,공기업
4797,연대도
4798,실망감
4799,졸업생
4800,수준
4801,흡연
4802,구역
4803,여자
4804,공모
4805,이상
4806,조건
4807,시초
4808,천민
4809,자본
4810,주의
4811,극치
4812,나라
4813,생리
4814,하루
4815,종일
4816,시체
4817,인식
4818,양심
4819,마라
4820,정신
4821,공기
4822,멸치
4823,아치
4824,생각
4825,수시
4826,인기
4827,메뉴
4828,족발
4829,보쌈
4830,사이드
4831,세트
4832,남동생
4833,학번
4834,정시
4835,이과
4836,남자
4837,사이비
4838,종교
4839,단체
4840,패턴
4841,정시
4842,수시
4843,내신
4844,정시
4845,본인
4846,정시
4847,인척
4848,수시
4849,인척
4850,논술
4851,인척
4852,학번
4853,필요
4854,정시
4855,내신
4856,수능
4857,본거
4858,트임
4859,공부
4860,수시
4861,정시
4862,정시
4863,남자
4864,여자
4865,여성
4866,당제
4867,여경
4868,군인
4869,문과
4870,일부
4871,제외
4872,공부
4873,여대
4874,이과
4875,통합
4876,문과
4877,동국대
4878,수준
4879,정시
4880,학과
4881,이메일
4882,주인
4883,제주
4884,인성
4885,탄자
4886,대면
4887,인터넷
4888,학교
4889,결국
4890,대면
4891,남자
4892,공감
4893,시선
4894,강간
4895,원탑
4896,구들
4897,한번쯤
4898,내용
4899,대화
4900,대학
4901,생활
4902,인생
4903,제대
4904,주위
4905,얘기
4906,사람
4907,한명
4908,제대
4909,군대
4910,이번
4911,한번
4912,대기업
4913,공기업
4914,기관
4915,스쿨
4916,여자
4917,동기
4918,이랑
4919,미필
4920,스쿨
4921,남자
4922,동기
4923,복학
4924,대외
4925,활동
4926,동아리
4927,인턴
4928,학점
4929,남자
4930,동기
4931,서울대
4932,생각
4933,동기
4934,이랑
4935,송도
4936,내가
4937,공감
4938,사실
4939,자존
4940,부잣집
4941,겨울
4942,왕국
4943,흑인
4944,크리
4945,스토퍼
4946,흑인
4947,이어도
4948,태클
4949,안검
4950,성별
4951,얘기
4952,체력
4953,얘기
4954,생각
4955,제가
4956,화장실
4957,변기
4958,인사
4959,얘기
4960,여자
4961,체력
4962,퇴사
4963,얘기
4964,강제
4965,운동
4966,불편
4967,업소
4968,남자
4969,남자
4970,결혼
4971,할거
4972,서울
4973,여자
4974,업소
4975,여자
4976,군대
4977,여자
4978,마인드
4979,이랑
4980,적극적
4981,반대
4982,의견
4983,주라
4984,기사
4985,꼬리
4986,할거
4987,지금
4988,정상인
4989,합류
4990,여혐
4991,남자
4992,나이
4993,후반
4994,외모
4995,조건
4996,외모
4997,도태
4998,한남
4999,포기
5000,의무
5001,지면
5002,권리
5003,여성
5004,당제
5005,생각
5006,양성
5007,평등
5008,남성
5009,여성
5010,특정
5011,성별
5012,이유
5013,차별
5014,페미니즘
5015,내가
5016,여대
5017,여자
5018,여혐
5019,소수자
5020,집단
5021,특혜
5022,반대
5023,기성세대
5024,남성
5025,페미니즘
5026,우호적
5027,마찬가지
5028,맥락
5029,미분
5030,현실
5031,여자
5032,차별
5033,고통
5034,사례
5035,고려
5036,대상
5037,여자
5038,미끼
5039,니들
5040,불이익
5041,회사
5042,신입
5043,나한
5044,참여
5045,기회
5046,여대
5047,최대한
5048,니들
5049,사회
5050,갈등
5051,유발
5052,니들
5053,확대
5054,재생산
5055,사회인
5056,이대
5057,실제
5058,생각
5059,간적
5060,내가
5061,사이
5062,신도
5063,이상
5064,정도
5065,여대
5066,무덤
5067,학교
5068,학생
5069,제보
5070,나도
5071,행패
5072,대응
5073,제보
5074,방향
5075,대항
5076,남성
5077,자일
5078,분노
5079,청원
5080,공론
5081,여성
5082,자일
5083,분노
5084,공론
5085,남녀
5086,존재
5087,차이
5088,발생
5089,부분
5090,손해
5091,기분
5092,차별
5093,의식
5094,양성
5095,평등
5096,외치
5097,모순
5098,음지
5099,정치판
5100,나라
5101,조폭
5102,업소
5103,여성
5104,주고
5105,터치
5106,업소
5107,출입
5108,이상
5109,반건조
5110,베트콩
5111,한남동
5112,한방
5113,통닭
5114,한남동
5115,일부
5116,간호사
5117,심해
5118,미들
5119,여대
5120,특징
5121,좌파
5122,의견
5123,동조
5124,나이
5125,한참
5126,성년자
5127,남자
5128,보호
5129,한남
5130,조롱
5131,총살
5132,생각
5133,사람
5134,스타
5135,계정
5136,팔로
5137,여자애
5138,팔로
5139,취소
5140,스크린
5141,사상
5142,검증
5143,여대
5144,중임
5145,공대
5146,설거지
5147,보고
5148,빨간약
5149,혼비
5150,출산
5151,여자
5152,우리
5153,여자
5154,남자
5155,해결
5156,여자
5157,군대
5158,경험
5159,남자
5160,군대
5161,인간
5162,조선
5163,남초
5164,편지
5165,논란
5166,남초
5167,논리
5168,초야
5169,남자
5170,이유
5171,이상
5172,군대
5173,이상
5174,강제
5175,거부
5176,감옥
5177,이스라엘
5178,여성
5179,징병
5180,대상
5181,포함
5182,정상적
5183,애플
5184,대가
5185,천국
5186,진심
5187,약대
5188,의대
5189,스쿨
5190,여대
5191,쿼터
5192,여대
5193,약대
5194,의대
5195,스쿨
5196,여대
5197,쿼터
5198,국비
5199,지원
5200,대학
5201,여자
5202,이상
5203,여대
5204,여대
5205,폐지
5206,상대적
5207,훈련
5208,배정
5209,병사
5210,강제
5211,군인
5212,직업
5213,종사자
5214,소리
5215,생각
5216,군인
5217,직업
5218,조롱
5219,직업
5220,일반
5221,병사
5222,직업
5223,군인
5224,찬가
5225,우리나라
5226,미군
5227,지금
5228,남자
5229,군대
5230,갈래
5231,군대
5232,갈래
5233,자일
5234,마무리
5235,내가
5236,여자
5237,가식
5238,여자
5239,공식
5240,여자
5241,여자
5242,여대
5243,군대
5244,정훈
5245,시간
5246,하사
5247,진지
5248,공사
5249,절단
5250,병사
5251,사고
5252,뇌사
5253,상태
5254,소식
5255,언론
5256,미들
5257,여초
5258,군대
5259,소꿉
5260,장난
5261,생각
5262,학우
5263,이번
5264,군인
5265,편지
5266,사건
5267,여고생
5268,여초
5269,치기
5270,진심
5271,미국
5272,양인
5273,시민
5274,우리나라
5275,한남
5276,기본적
5277,나라
5278,국민
5279,설움
5280,조선
5281,딱이
5282,여자
5283,공무원
5284,남자
5285,여자
5286,지금
5287,이익
5288,집단
5289,마음
5290,남자
5291,군대
5292,남자
5293,여자
5294,남자
5295,간부
5296,여자
5297,소방관
5298,경찰관
5299,교대
5300,조건
5301,수술실
5302,회복실
5303,환자
5304,보호자
5305,스트레스
5306,간호사
5307,근무
5308,의사
5309,스트레스
5310,환자
5311,이랑
5312,의사
5313,뒷담
5314,보호자
5315,환자
5316,위로
5317,여자
5318,정신
5319,여자
5320,정신
5321,여자
5322,인기
5323,여자
5324,인기
5325,현재
5326,여자
5327,현주소
5328,니들
5329,스타
5330,스토리
5331,규탄
5332,생각
5333,여자
5334,군인
5335,조롱
5336,비하
5337,군인
5338,성희롱
5339,규탄
5340,한남
5341,애초
5342,설거지
5343,여자
5344,사회적
5345,동료
5346,의식
5347,정신
5348,정신
5349,의미
5350,군인
5351,혐오
5352,선거
5353,민주당
5354,여성학
5355,공부
5356,여성
5357,운동
5358,계파
5359,기존
5360,운동권
5361,상당
5362,크기
5363,차지
5364,정권
5365,여성학
5366,박사
5367,부추김
5368,이성
5369,혐오
5370,문제
5371,확대
5372,양반
5373,입장
5374,대결
5375,문제
5376,영원
5377,여성
5378,혐오
5379,이유
5380,예산
5381,세금
5382,파티
5383,각종
5384,여성
5385,안전
5386,교육
5387,명목
5388,영향력
5389,유지
5390,이번
5391,여가
5392,폐지
5393,관련
5394,보수당
5395,지금
5396,여가
5397,폐지
5398,여가
5399,폐지
5400,해당
5401,업무
5402,부서
5403,할거
5404,의미
5405,사람
5406,이건
5407,행정
5408,업무상
5409,문제
5410,상징적
5411,주류
5412,정치계
5413,혐오
5414,정서
5415,이용
5416,여성계
5417,인사
5418,여가
5419,폐지
5420,메시지
5421,한국
5422,자국
5423,이성
5424,혐오
5425,문제
5426,라도
5427,해결
5428,인터넷
5429,공간
5430,남자
5431,학교
5432,수업
5433,강의
5434,사상
5435,강제적
5436,고작
5437,봉사
5438,시간
5439,시간
5440,편지
5441,강제
5442,문제
5443,국방부
5444,공식
5445,답변
5446,지영
5447,후감
5448,진급
5449,누락
5450,페미니즘
5451,성립
5452,여성
5453,이익
5454,기존
5455,남성
5456,권위
5457,무시
5458,조롱
5459,훼손
5460,필요
5461,한국
5462,페미니즘
5463,사회
5464,남성
5465,권위
5466,훼손
5467,필요
5468,물밑
5469,작업
5470,헌재
5471,남성
5472,필자
5473,가산점
5474,위헌
5475,조치
5476,전제
5477,보완
5478,필자
5479,정책
5480,전제
5481,물밑
5482,한국
5483,군역
5484,대다수
5485,남성
5486,인생
5487,생각
5488,시간
5489,캠프
5490,군역
5491,별것
5492,애초
5493,가산점
5494,필요
5495,논조
5496,여초
5497,논조
5498,결국
5499,거지
5500,한국
5501,여자
5502,고등학생
5503,상황
5504,마음
5505,군인
5506,나부랭이
5507,풍자
5508,이슈
5509,한남
5510,나라
5511,페미니즘
5512,근본
5513,사상
5514,간의
5515,동일
5516,사회적
5517,지위
5518,양상
5519,여성
5520,우월주의
5521,이용
5522,임산부
5523,회사
5524,처분
5525,일부
5526,잔존해
5527,대다수
5528,장년
5529,노년층
5530,잔존
5531,잘못
5532,사고
5533,여자
5534,임신
5535,여성
5536,사회적
5537,환경
5538,구조
5539,개선
5540,필요
5541,대다수
5542,남성
5543,잠재적
5544,가해자
5545,여혐
5546,폭력적
5547,여자
5548,성욕
5549,대다수
5550,여자
5551,김치
5552,감사
5553,한남
5554,일반화
5555,특정
5556,범죄자
5557,집단
5558,남성
5559,남성
5560,잠재적
5561,범죄자
5562,모든
5563,여자
5564,남성
5565,비하
5566,현재
5567,사회적
5568,분위기
5569,물타기
5570,여성
5571,우월주의
5572,사상
5573,지지
5574,사람
5575,목소리
5576,정책
5577,사상
5578,악용
5579,생각
5580,여자
5581,대생
5582,여자
5583,회자
5584,개꿀
5585,세대
5586,적폐
5587,고립
5588,세대
5589,일본
5590,역사
5591,답습
5592,수년
5593,남자
5594,보고
5595,잠재적
5596,성범죄
5597,일반화
5598,남자
5599,서서
5600,남자
5601,화해
5602,고추
5603,노예
5604,상태
5605,학대
5606,주인
5607,마음
5608,이해
5609,사회
5610,안정
5611,상태
5612,유지
5613,남자
5614,생각
5615,고환
5616,테스토스테론
5617,한국
5618,여자
5619,여왕
5620,대접
5621,베트남전
5622,미군
5623,패퇴
5624,이유
5625,하나
5626,그때
5627,파병
5628,미군
5629,상당수
5630,학력
5631,저소득
5632,징집
5633,인식
5634,팽배
5635,학살
5636,사건
5637,조명
5638,국민
5639,베이비
5640,킬러
5641,결과
5642,막판
5643,단체
5644,항명
5645,마음
5646,간부
5647,막장
5648,본국
5649,참전
5650,용사
5651,지금
5652,고통
5653,의미
5654,전쟁터
5655,지면
5656,생각
5657,군인
5658,지금
5659,거리
5660,자기
5661,군대
5662,목숨
5663,생각
5664,미들
5665,소리
5666,이유
5667,남초
5668,실제
5669,비누
5670,마라
5671,군대
5672,이지
5673,조롱
5674,정신병자
5675,군대
5676,나지
5677,정신병
5678,군대
5679,개판
5680,지금
5681,한남
5682,실망감
5683,이유
5684,사이
5685,남자
5686,한마디
5687,자조적
5688,여자애
5689,시간
5690,무호흡
5691,프리
5692,자기
5693,주제
5694,한남
5695,거울
5696,페미니즘
5697,치료제
5698,여자
5699,애초
5700,뿌리
5701,차별
5702,문제
5703,이유
5704,여자
5705,딱지
5706,징병
5707,사회
5708,여자
5709,편지
5710,정도
5711,여성
5712,가족
5713,산하
5714,한국
5715,양성
5716,평등
5717,교육
5718,진흥
5719,원피
5720,여가
5721,폐지
5722,여대
5723,폐지
5724,여성
5725,징병제
5726,실수
5727,군인
5728,조롱
5729,여자
5730,철퇴
5731,고구려
5732,궁예
5733,황제
5734,공동체
5735,의식
5736,탈색
5737,희생
5738,남성
5739,원죄
5740,시간
5741,감사
5742,여성
5743,인권
5744,치부
5745,시대
5746,도래
5747,학년
5748,사친
5749,요새
5750,당시
5751,이상
5752,사람
5753,분위기
5754,페미니즘
5755,등장
5756,출신
5757,불문
5758,직업
5759,불문
5760,나이
5761,불문
5762,제외
5763,남자
5764,결속
5765,시작
5766,페미니스트
5767,여성
5768,불합리
5769,남성
5770,거지
5771,불합리
5772,불합리
5773,결속력
5774,페미니즘
5775,인식
5776,점차적
5777,확산
5778,남성
5779,불합리
5780,국가
5781,해소
5782,움직임
5783,점차적
5784,보임
5785,만약
5786,페미니스트
5787,난리
5788,남자
5789,이전
5790,불합리
5791,병역
5792,또래
5793,남자
5794,여자
5795,군대
5796,가게
5797,차기
5798,정권
5799,여가
5800,폐지
5801,정신병자
5802,박멸
5803,소수
5804,다수
5805,여자
5806,여성
5807,가족
5808,폐지
5809,안건
5810,후보
5811,한명
5812,여자애
5813,원래
5814,자기
5815,소속
5816,집단
5817,이미지
5818,실추
5819,친구
5820,서서
5821,여고생
5822,시선
5823,발악
5824,시간
5825,만수
5826,신상
5827,여고생
5828,과도
5829,조리
5830,돌림
5831,각종
5832,여성
5833,단체
5834,여가
5835,관련자
5836,언론
5837,여혐
5838,물타기
5839,미래
5840,위문
5841,편지
5842,여학생
5843,비정상
5844,위문
5845,편지
5846,학교
5847,신상
5848,군인
5849,비정상
5850,일반화
5851,여고
5852,남자
5853,비정상
5854,언론
5855,남성
5856,노예제
5857,폐지
5858,카페
5859,아들
5860,엄마
5861,아들
5862,군대
5863,며느리
5864,생각
5865,미국
5866,고립
5867,국가
5868,북한
5869,경제
5870,제재
5871,중국
5872,수출
5873,한국
5874,기업
5875,보이콧
5876,고통
5877,이래
5878,차이나
5879,머니
5880,남자
5881,한남
5882,한데
5883,인간적
5884,복무
5885,중인
5886,군인
5887,말자
5888,남자
5889,한남
5890,자격
5891,섹시
5892,해지
5893,퍼즐
5894,논리
5895,수학자
5896,퀴즈
5897,상황
5898,판단
5899,퀴즈
5900,활용
5901,아이디어
5902,반영
5903,통해
5904,용량
5905,도움
5906,목동
5907,주입
5908,학교
5909,여성
5910,징병제
5911,평등
5912,문제
5913,해결책
5914,저출산
5915,문제
5916,해결
5917,유입
5918,여성
5919,징병
5920,북한
5921,통일
5922,여자
5923,남자
5924,부인
5925,한남
5926,군대
5927,사랑
5928,시스
5929,젠더
5930,헤테로
5931,고양이
5932,문제
5933,이대
5934,인터뷰
5935,페미니스트
5936,이상형
5937,열등감
5938,지랄
5939,변이
5940,기피
5941,대상
5942,여자
5943,남자
5944,소리
5945,진심
5946,동생
5947,소리
5948,화장
5949,생각
5950,한국인
5951,이면
5952,유전자
5953,양심
5954,애새끼
5955,니들
5956,성인
5957,급식
5958,성적
5959,우기
5960,애초
5961,과학적
5962,여자
5963,성감대
5964,리스
5965,삽입
5966,공략
5967,난이도
5968,일반적
5969,각도
5970,자세
5971,특정
5972,고추
5973,현실적
5974,어려움
5975,남자
5976,오르가즘
5977,확률
5978,자체
5979,평균적
5980,남자
5981,파트너
5982,보통
5983,사정
5984,여자
5985,통상
5986,여자
5987,연기
5988,실제
5989,과도
5990,연기
5991,정도
5992,시골
5993,똥개
5994,상위
5995,인정
5996,전문직
5997,남녀
5998,차별
5999,얘기
6000,여자
6001,자기
6002,사업
6003,전문직
6004,기타
6005,커리어
6006,추구
6007,세대
6008,여성
6009,여성
6010,징집
6011,시행
6012,군대
6013,악감정
6014,남녀평등
6015,당제
6016,의대
6017,시절
6018,남자
6019,트라
6020,우마
6021,성격
6022,남자
6023,여자애
6024,친구
6025,포함
6026,무시
6027,애초
6028,엄친
6029,외모
6030,내가
6031,속한
6032,무리
6033,무시
6034,남자애
6035,무리
6036,추가
6037,원래
6038,수업
6039,시간
6040,생이
6041,내가
6042,발표
6043,얘기
6044,남자애
6045,남자
6046,통념
6047,첫사랑
6048,미련
6049,생리통
6050,여자
6051,한가지
6052,조건
6053,충족
6054,여자
6055,호구
6056,후배
6057,중반
6058,결국
6059,호구
6060,노예
6061,자격
6062,꼰대
6063,미안
6064,새해
6065,호구
6066,남자
6067,여자
6068,의사
6069,진료
6070,능력
6071,면허
6072,박탈
6073,곰돌이
6074,남친
6075,정리
6076,남자
6077,유학생
6078,상대
6079,대면
6080,세대
6081,역대
6082,최악
6083,세대
6084,남자
6085,글래머
6086,이유
6087,삼보
6088,김치찌개
6089,남자
6090,여자
6091,성격
6092,반대
6093,여자
6094,남자
6095,외모
6096,남자
6097,하자
6098,승낙
6099,평범
6100,절대
6101,남자
6102,비율
6103,여자
6104,대부분
6105,사친
6106,케이스
6107,생각
6108,여자
6109,사친
6110,외모
6111,정도
6112,사친
6113,외모
6114,여자
6115,입장
6116,무의식
6117,차원
6118,라도
6119,이성적
6120,호감
6121,생각
6122,동성
6123,친구
6124,사람
6125,사회
6126,적응
6127,문제
6128,데이터
6129,커플
6130,일반화
6131,애비
6132,구로
6133,우지
6134,호감
6135,내가
6136,유부남
6137,돈까스
6138,조각
6139,실화
6140,돼지
6141,남도
6142,출격
6143,백수
6144,졸부
6145,짜장
6146,유린기
6147,후자
6148,부정
6149,적반하장
6150,차이
6151,코로나
6152,세대
6153,고등학교
6154,대학교
6155,차이
6156,시험
6157,점수
6158,다인
6159,기본
6160,적인
6161,사회
6162,생활
6163,매너
6164,메일
6165,무엇
6166,꼰대
6167,집합소
6168,로시오
6169,패스
6170,가족
6171,가족
6172,자살
6173,시도
6174,주위
6175,방관
6176,염소
6177,고기
6178,돼지고기
6179,돼지
6180,한데
6181,개고기
6182,오리
6183,돼지
6184,오리
6185,국가
6186,지정
6187,위생
6188,기준
6189,식품
6190,적합
6191,여부
6192,검사
6193,애초
6194,합법화
6195,도축
6196,과정
6197,공인
6198,기준
6199,대부분
6200,농장
6201,음식물
6202,쓰레기
6203,더러운
6204,환경
6205,도축
6206,내가
6207,개고기
6208,지랑
6209,도축
6210,과정
6211,국가
6212,관리
6213,하나
6214,농장
6215,위생적
6216,더러운
6217,환경
6218,도축
6219,과정
6220,정도
6221,의대생
6222,여자
6223,사이
6224,학교
6225,수준
6226,마인드
6227,퀴즈
6228,부정
6229,행위
6230,남자
6231,평생
6232,개돼지
6233,취급
6234,이유
6235,버팔로
6236,득세
6237,외모
6238,관련
6239,남녀
6240,반응
6241,남자
6242,개돼지
6243,타령
6244,출격
6245,돼지
6246,남도
6247,출격
6248,마라
6249,사랑
6250,멸치
6251,남도
6252,출격
6253,완료
6254,출근
6255,완료
6256,시민
6257,단체
6258,중국
6259,북한
6260,후원
6261,순수
6262,활동
6263,생각
6264,간첩
6265,사이즈
6266,정의
6267,윤미향
6268,지랄
6269,세금
6270,지원
6271,중국
6272,북한
6273,간첩
6274,의심
6275,마당
6276,시민
6277,단체
6278,생각
6279,세금
6280,지원
6281,단체
6282,간첩
6283,논리
6284,병신
6285,장애인
6286,인력
6287,인력
6288,나눔
6289,시민
6290,단체
6291,중국
6292,북한
6293,후원
6294,사실
6295,세금
6296,활동
6297,세금
6298,중국
6299,세금
6300,청주
6301,시민
6302,단체
6303,간첩
6304,소굴
6305,세금
6306,간첩
6307,논리
6308,시발
6309,마음
6310,소리
6311,리지
6312,장애인
6313,노동자
6314,인권
6315,반미
6316,장애인
6317,사람
6318,장애인
6319,시위
6320,준석
6321,생각
6322,거지
6323,케이
6324,냄새
6325,생협
6326,샌드위치
6327,송도
6328,일본
6329,남자
6330,매춘
6331,살롱
6332,관대함
6333,바람
6334,와이프
6335,사람
6336,일본
6337,남자
6338,한국
6339,남자
6340,인생
6341,난이
6342,완전
6343,군대
6344,집안일
6345,상대적
6346,남편
6347,가정적
6348,남편
6349,개꿀
6350,룸살롱
6351,아재
6352,이랑
6353,부인
6354,연예인
6355,능력자
6356,사실
6357,정실
6358,부인
6359,재산
6360,조선
6361,시대
6362,후궁
6363,이유
6364,사람
6365,신경
6366,찬밥
6367,신세
6368,애초
6369,부인
6370,정도
6371,능력자
6372,여자
6373,부인
6374,감수성
6375,생각
6376,에이즈
6377,돼지
6378,남도
6379,출격
6380,리틀
6381,외국
6382,우리나라
6383,친구
6384,학번
6385,명문대
6386,정작
6387,반박
6388,명문대
6389,본인
6390,명문대
6391,이미지
6392,학우
6393,명문대
6394,이미지
6395,사실
6396,사이비
6397,개신교
6398,근본
6399,종교
6400,가톨릭
6401,개신교
6402,불교도
6403,이미지
6404,거지
6405,깡패
6406,피해
6407,세금
6408,안내
6409,종교
6410,기생충
6411,기독교인
6412,대다수
6413,선량
6414,사람
6415,일부
6416,이상
6417,기독교
6418,불교
6419,성도
6420,한번
6421,보복
6422,요지
6423,기독교
6424,불교
6425,일부
6426,불교
6427,추앙
6428,기독교
6429,니야
6430,말로
6431,불교
6432,기독교
6433,기독교
6434,이상
6435,이하
6436,수준
6437,천둥
6438,둥둥이
6439,노량진
6440,수산
6441,시장
6442,전자
6443,상가
6444,동대문
6445,양아치
6446,장사치
6447,계보
6448,구색
6449,아치
6450,본질
6451,예로
6452,조선
6453,장사치
6454,화상
6455,일본
6456,상인
6457,이유
6458,양아치
6459,비스크
6460,애초
6461,망상
6462,여덕
6463,망상
6464,파이널
6465,남자
6466,몸매
6467,덕인
6468,여자
6469,콜라
6470,남자
6471,타가
6472,마린
6473,유니콘
6474,요지
6475,신생아
6476,수가
6477,우리나라
6478,멸망
6479,대중
6480,뇌물
6481,러시아
6482,실리
6483,외교가
6484,나라
6485,만국
6486,노동자
6487,단결
6488,제대
6489,노동
6490,안해
6491,보고
6492,엥겔스
6493,뒷바라지
6494,안해
6495,주면
6496,해결
6497,수저
6498,위선
6499,자가
6500,마르크
6501,금수
6502,저가
6503,문제
6504,위선자
6505,문제
6506,사회주의
6507,러시아
6508,중국
6509,행동
6510,반복
6511,결과
6512,기대
6513,정신병
6514,초기
6515,증세
6516,분위기
6517,모임
6518,분위기
6519,참고
6520,빨갱이
6521,요새
6522,논리
6523,계정
6524,다음
6525,시험
6526,보고
6527,의치
6528,개꿀
6529,입학
6530,대학
6531,관심도
6532,의치
6533,제도
6534,기생충
6535,혐오
6536,화교
6537,전형
6538,선동
6539,민주당
6540,수준
6541,부정
6542,돌덩이
6543,남친
6544,돌덩이
6545,여자애
6546,후추
6547,토끼
6548,옹이
6549,멸치
6550,남도
6551,출격
6552,준비
6553,완료
6554,돼지
6555,출근
6556,완료
6557,작고
6558,남자
6559,자극
6560,나이
6561,사칭
6562,신천지
6563,치킨
6564,세대
6565,한남
6566,여자
6567,연애
6568,여초
6569,주작
6570,남자
6571,잘못
6572,스탠스
6573,대지
6574,태도
6575,친구
6576,싸이코
6577,미친놈
6578,사이
6579,장애인
6580,차별
6581,석기
6582,석방
6583,보법
6584,폐지
6585,생산성
6586,장애인
6587,공산주의
6588,척결
6589,북한
6590,생각
6591,이래
6592,선비
6593,미들
6594,반대
6595,행동
6596,현역
6597,군인
6598,이득
6599,논리적
6600,빨갱이
6601,보법
6602,위반
6603,이북
6604,착불
6605,배송
6606,장애인
6607,남자
6608,성인
6609,남자
6610,여자
6611,위로
6612,할거
6613,여자
6614,뷔페
6615,미니
6616,전쟁
6617,여자
6618,총알
6619,범죄자
6620,경찰
6621,여자
6622,소방관
6623,여자
6624,성향
6625,남자
6626,지네
6627,이상
6628,내가
6629,군대
6630,차별
6631,상인
6632,여자
6633,이유
6634,미안
6635,코멘트
6636,조심
6637,일부
6638,드립
6639,미친년
6640,시하
6641,생각
6642,일부
6643,여자
6644,군인
6645,불편
6646,미안
6647,남초
6648,거리
6649,동안
6650,여초
6651,현실
6652,헛소리
6653,시위
6654,이유
6655,여자애
6656,저능아
6657,언니
6658,이젠
6659,성별
6660,떡밥
6661,시작
6662,이상
6663,차별
6664,남녀
6665,모두
6666,혜택
6667,여자
6668,여성
6669,안심
6670,갓길
6671,성범죄
6672,살인
6673,피해자
6674,대다수
6675,여성
6676,그만큼
6677,남성
6678,범죄
6679,노출
6680,서울권
6681,약대
6682,여대
6683,인건
6684,이건
6685,생각
6686,할당제
6687,남자
6688,폐지
6689,여성
6690,단체
6691,유지
6692,능력
6693,공정
6694,선발
6695,남자
6696,혜택
6697,한쪽
6698,성별
6699,할당제
6700,남자
6701,이득
6702,여자
6703,스쿨
6704,약대
6705,여자
6706,교수
6707,성별
6708,교수
6709,남자
6710,혜택
6711,양성
6712,평등
6713,목표
6714,제가
6715,사실상
6716,여자
6717,실질적
6718,이득
6719,여자
6720,제외
6721,주요
6722,공직
6723,여자
6724,할당
6725,적용
6726,공대
6727,입학
6728,여자
6729,지원
6730,제도
6731,제대
6732,대답
6733,가치
6734,회사
6735,존재
6736,유리
6737,천장
6738,경력
6739,단절
6740,관련
6741,모든
6742,문제
6743,언급
6744,편향
6745,자료
6746,개인적
6747,의견
6748,할당제
6749,제도
6750,자체
6751,의미
6752,생각
6753,여성
6754,단체
6755,할당제
6756,고수
6757,이유
6758,이해
6759,여성
6760,여성
6761,승진
6762,생각
6763,객관적
6764,자료
6765,유리
6766,천장
6767,여성
6768,능력
6769,생각
6770,능력
6771,돌이
6772,전공
6773,공돌이
6774,기업
6775,공돌이
6776,평균적
6777,돌이
6778,들보
6779,능력
6780,군대
6781,여대
6782,약대
6783,스쿨
6784,여성
6785,당제
6786,여성
6787,전용
6788,좌석
6789,주차장
6790,개병
6791,신임
6792,차별
6793,여성
6794,안심
6795,갓길
6796,임산부
6797,좌석
6798,주차장
6799,필요
6800,안심
6801,갓길
6802,효력
6803,필요
6804,생각
6805,임산부
6806,인정
6807,임산부
6808,좌석
6809,남자
6810,미개
6811,인식
6812,남자
6813,임산부
6814,좌석
6815,조리
6816,돌림
6817,혐오
6818,이유
6819,취향
6820,내가
6821,노래
6822,어이
6823,노래
6824,생각
6825,사람
6826,프레임
6827,짜증
6828,남초
6829,남초
6830,여초
6831,남녀
6832,사람
6833,내의
6834,언급
6835,외모
6836,척거
6837,나이
6838,생각
6839,무식
6840,생각
6841,성향
6842,당사자
6843,입장
6844,거지
6845,남녀
6846,쌍소멸
6847,쌍생
6848,인줄
6849,아이
6850,입장
6851,인식
6852,나락
6853,나도
6854,여자
6855,노래
6856,미니
6857,진심
6858,이해
6859,안가
6860,어휘력
6861,보이
6862,보이
6863,아이
6864,노래
6865,내기
6866,원래
6867,여덕
6868,반응
6869,트위터
6870,반응
6871,속편
6872,트위터
6873,정병
6874,소굴
6875,이권
6876,여혐
6877,프레임
6878,부끄러움
6879,뷔페
6880,능력
6881,주의
6882,만큼
6883,가증
6884,생각
6885,기간
6886,흑인
6887,착취
6888,이제
6889,능력
6890,역사
6891,후유증
6892,출발선
6893,시작
6894,자리
6895,기득권
6896,백인
6897,대다수
6898,차지
6899,할당제
6900,생각
6901,한국인
6902,일과
6903,운동
6904,불가
6905,라니
6906,병신
6907,학교
6908,수업
6909,저가격
6910,고하
6911,마라
6912,나중
6913,본인
6914,나이
6915,대생
6916,소리
6917,그때
6918,양쪽
6919,가면
6920,동양
6921,인종
6922,차별
6923,상상
6924,이상
6925,정작
6926,국가
6927,한국인
6928,외국인
6929,한국인
6930,중국인
6931,친구
6932,중국
6933,여자
6934,섹스
6935,인구
6936,중국인
6937,숫자
6938,우리나라
6939,인구
6940,우리나라
6941,인구
6942,한참
6943,상회
6944,유학
6945,중국인
6946,친구
6947,중국인
6948,가능성
6949,중국인
6950,한국
6951,중국인
6952,습성
6953,공산주의
6954,독재
6955,국가
6956,습성
6957,후진국
6958,적인
6959,습성
6960,외국
6961,중국인
6962,애초
6963,한국인
6964,정도
6965,미개
6966,사람
6967,남자
6968,정도
6969,거부
6970,트레이너
6971,남자
6972,바람
6973,정도
6974,지성
6975,최소한
6976,진지
6977,고찰
6978,설거지
6979,측면
6980,일부
6981,사실
6982,외모
6983,지상주의
6984,설거지
6985,찬양
6986,연애
6987,덕분
6988,연애
6989,경험
6990,나중
6991,설거지
6992,결혼
6993,집안
6994,무엇
6995,선언
6996,미들
6997,특성
6998,어린애
6999,반박
7000,수준
7001,유치
7002,곰돌이
7003,에코
7004,간식
7005,안내책자
7006,발간
7007,교지
7008,기단
7009,프레드
7010,조지
7011,쌍둥이
7012,사고
7013,복수
7014,우울
7015,분위기
7016,정도
7017,와트
7018,혼혈
7019,왕자
7020,옛날
7021,책표지
7022,초록색
7023,안개
7024,계속
7025,실제
7026,어가
7027,크룩스
7028,액체
7029,정신적
7030,장면
7031,충격적
7032,혼혈
7033,왕자
7034,브루노
7035,특유
7036,촬영
7037,극대화
7038,혼혈
7039,왕자
7040,개인적
7041,나이
7042,얼굴
7043,똥배
7044,정상적
7045,여자
7046,사회
7047,경제적
7048,도태
7049,여자
7050,사회
7051,경제적
7052,도태
7053,여자
7054,인기
7055,비극
7056,사랑
7057,도태
7058,자살
7059,와인
7060,능력
7061,사회
7062,경제적
7063,도태
7064,여자
7065,라도
7066,인기
7067,자위
7068,라도
7069,자위
7070,도태
7071,인생
7072,비하
7073,와인
7074,간섭
7075,와인
7076,포도즙
7077,트레이너
7078,이혼
7079,거지
7080,인생
7081,와인
7082,이래
7083,사랑
7084,결혼
7085,필연적
7086,비하
7087,와인
7088,라가
7089,와인
7090,와꾸
7091,상태
7092,와인
7093,패배자
7094,마인드
7095,도태
7096,노력
7097,능력
7098,결혼
7099,생각
7100,와인
7101,와꾸
7102,상태
7103,이해
7104,도태
7105,발작
7106,외모
7107,지상주의
7108,전세계
7109,공통
7110,본성
7111,상호
7112,탐색
7113,알고리즘
7114,소개팅
7115,자만
7116,추일
7117,여자
7118,얼굴
7119,본판
7120,착각
7121,자연
7122,미인
7123,발작
7124,쌍수
7125,정도
7126,성형
7127,합리화
7128,성형
7129,친구
7130,성형
7131,참견
7132,소개팅
7133,사람
7134,성형
7135,성형
7136,이유
7137,자존
7138,바닥
7139,취급
7140,자존심
7141,사람
7142,취급
7143,자연
7144,얼굴
7145,사기꾼
7146,사람
7147,사람
7148,부분
7149,양보
7150,여자애
7151,극성
7152,이랑
7153,내신
7154,경쟁
7155,생각
7156,집단
7157,과학
7158,도입
7159,감정적
7160,보임
7161,보익
7162,공부
7163,매매
7164,여자
7165,대부분
7166,공부
7167,보익
7168,여혐
7169,외부
7170,요소
7171,여자
7172,개호
7173,감이
7174,생각
7175,우리나라
7176,역사가
7177,피해자
7178,스프
7179,문제
7180,역사
7181,교육
7182,반일
7183,교육
7184,좌파
7185,정부
7186,역사
7187,교육
7188,인식
7189,중국
7190,북한
7191,친일파
7192,논리
7193,일맥상통
7194,영화
7195,뉴스
7196,예술계
7197,반일
7198,교육
7199,내면
7200,지배
7201,식민
7202,통치
7203,역사
7204,이상
7205,평생
7206,기조
7207,일본
7208,자국
7209,교과서
7210,결국
7211,정치인
7212,입장
7213,여론
7214,몰이
7215,소스
7216,포기
7217,양국
7218,국민
7219,이용
7220,이득
7221,이득
7222,교육
7223,이유
7224,주요국
7225,지원
7226,견제
7227,나라
7228,독일
7229,일본
7230,피해자
7231,유대인
7232,백인
7233,링크
7234,미국
7235,본인
7236,본인
7237,미국
7238,이득
7239,소리
7240,문제
7241,생각
7242,일본
7243,게임
7244,다이
7245,일제
7246,강점기
7247,관련
7248,역사
7249,문제
7250,일본인
7251,스탠스
7252,한국인
7253,과거
7254,과거로
7255,조상
7256,거지
7257,내가
7258,침략
7259,일본
7260,역사
7261,과목
7262,자체
7263,입시
7264,필수
7265,내용
7266,잘못
7267,일본
7268,정부
7269,금전
7270,보상
7271,나라
7272,국민
7273,인식
7274,진정
7275,태도
7276,의문
7277,일본인
7278,역사
7279,인식
7280,자체
7281,한국
7282,관련
7283,세계
7284,대전
7285,원자
7286,폭탄
7287,일방적
7288,피해자
7289,사람
7290,대부분
7291,전쟁
7292,린스
7293,진주
7294,언급
7295,일본인
7296,전쟁
7297,유리
7298,역사
7299,우리나라
7300,사람
7301,베트남
7302,전쟁
7303,언급
7304,단위
7305,잘못
7306,인식
7307,하등
7308,종족
7309,한남
7310,우산
7311,필요
7312,라도
7313,한남
7314,정서적
7315,부족
7316,영국
7317,프랑스
7318,지네
7319,식민
7320,지배
7321,학살
7322,사과
7323,승전국
7324,유럽
7325,판타지
7326,문제
7327,러시아
7328,유럽
7329,전쟁
7330,일본
7331,사과
7332,요구
7333,독일
7334,반성
7335,독일
7336,진심
7337,아프리카
7338,사과
7339,국제
7340,사회
7341,편입
7342,우리나라
7343,중국
7344,언론
7345,일본
7346,동양인
7347,세계
7348,관심
7349,백인
7350,관심
7351,영국
7352,나라
7353,황인종
7354,중국인
7355,남자
7356,손익
7357,남자
7358,참전
7359,한데
7360,지네
7361,유럽인
7362,조상
7363,이슬람
7364,폭탄
7365,찜질
7366,이슬람
7367,난민
7368,국가
7369,유럽
7370,쓰레기
7371,민족
7372,프랑스
7373,소매치기
7374,인식
7375,소매치기
7376,이민자
7377,인종
7378,차별
7379,프랑스
7380,하지
7381,프랑스
7382,서양
7383,수준
7384,확대
7385,상산
7386,촌구석
7387,동네
7388,급식
7389,촌구석
7390,동네
7391,급식
7392,머리
7393,더러운
7394,선자
7395,민족
7396,머리
7397,한국인
7398,제국
7399,주의
7400,조상
7401,생각
7402,미국
7403,객관적
7404,근본
7405,족보
7406,조상
7407,동경심
7408,과거
7409,식민지
7410,착취
7411,지금
7412,독일
7413,지네
7414,인접국
7415,이웃
7416,사과
7417,나머지
7418,사과
7419,여경
7420,사람
7421,민주당
7422,지도부
7423,북한
7424,소행
7425,하나
7426,운동권
7427,거리
7428,언급
7429,라도
7430,내가
7431,여자
7432,계급
7433,사회
7434,도중
7435,경력
7436,머리
7437,공부
7438,동아리
7439,회장
7440,여성부
7441,세금
7442,지원
7443,여성
7444,단체
7445,활동
7446,얼굴
7447,철판
7448,여자
7449,세금
7450,활동비
7451,여초
7452,사이트
7453,회원
7454,여자
7455,지원
7456,응원
7457,청와대
7458,비서관
7459,비례
7460,대표
7461,국회의원
7462,집권
7463,여당
7464,비대
7465,위원장
7466,피해자
7467,스프
7468,하기
7469,가성
7470,끝판
7471,나라
7472,세금
7473,호의
7474,호식
7475,지금
7476,도태
7477,남이면
7478,도태
7479,헛소리
7480,비대
7481,위원장
7482,도태
7483,도태
7484,검거
7485,고졸
7486,패스
7487,동성애
7488,지지
7489,도태
7490,미래
7491,여대
7492,단체
7493,꼭대기
7494,멸치
7495,추가
7496,진화
7497,예정
7498,입맛
7499,의견
7500,앞뒤
7501,이대
7502,취급
7503,제대
7504,대화
7505,의욕
7506,민주당
7507,밭갈이
7508,취급
7509,머리
7510,사람
7511,이대
7512,취급
7513,나이
7514,무엇
7515,미국
7516,축구
7517,감독
7518,정치
7519,성향
7520,내도
7521,북쪽
7522,전라도
7523,수준
7524,차이나
7525,타운
7526,중식
7527,추천
7528,이화성
7529,탕수육
7530,돼지
7531,기름
7532,냄새
7533,짜장면
7534,진국
7535,옛날
7536,가격
7537,조미료
7538,보성
7539,회관
7540,진국
7541,주고
7542,진국
7543,시간
7544,도지
7545,간적
7546,진국
7547,논란
7548,이유
7549,학번
7550,대면
7551,밤새
7552,밥집
7553,진국
7554,시바
7555,믹스
7556,입학
7557,기류
7558,군대
7559,동기
7560,머리
7561,지금
7562,약해
7563,학년
7564,수업
7565,시간
7566,여자
7567,동기
7568,한남
7569,용어
7570,수업
7571,시간
7572,교수님
7573,글쓰기
7574,수업
7575,발표
7576,한남
7577,주제
7578,발표
7579,정도
7580,월급
7581,인상
7582,세금
7583,부담
7584,월급
7585,세금
7586,형평
7587,노예
7588,해방
7589,흑인
7590,노예
7591,토막
7592,내서
7593,고기
7594,흑인
7595,인권
7596,흑인
7597,노예
7598,노예
7599,목숨
7600,전쟁
7601,준거
7602,남북
7603,전쟁
7604,병사
7605,예가
7606,남부
7607,지역
7608,세력
7609,약화
7610,자유
7611,선언
7612,대면
7613,학번
7614,상식
7615,니들
7616,현역
7617,월급
7618,배알
7619,개꿀
7620,공익
7621,논리
7622,세대
7623,아가리
7624,지금
7625,전시대
7626,개꿀
7627,아가리
7628,인류
7629,아가리
7630,바지락
7631,서울
7632,우승
7633,비즈니스
7634,가족
7635,음악
7636,퍼센트
7637,매형
7638,자리
7639,어색
7640,악마
7641,노선
7642,정신
7643,여자
7644,여지
7645,이대
7646,여대
7647,무언가
7648,여성
7649,왜곡
7650,사고
7651,보고
7652,성적
7653,연결
7654,김치찌개
7655,종류
7656,돼지
7657,김치찌개
7658,돼지
7659,김치찌개
7660,김치찌개
7661,물이
7662,분류
7663,학자
7664,팔로
7665,소리
7666,안됨
7667,소리
7668,거랑
7669,동급
7670,정신
7671,승리
7672,단어
7673,팔로
7674,아무것
7675,안하
7676,정난
7677,혐오
7678,상시
7679,대기
7680,여자
7681,여자
7682,남자
7683,뒷담
7684,뒷담
7685,각시
7686,피각
7687,남자애
7688,관심
7689,주고
7690,주변
7691,사람
7692,신경
7693,질투심
7694,폭발
7695,자원
7696,경쟁
7697,남자
7698,남자
7699,인정
7700,반면
7701,여자
7702,여자
7703,질투
7704,남자
7705,남자
7706,여자
7707,정치
7708,대상
7709,순위
7710,광신도
7711,시녀
7712,시기
7713,질투
7714,뒷말
7715,남녀
7716,상관
7717,가나
7718,한남
7719,그중
7720,한명
7721,공공
7722,의적
7723,따돌림
7724,여초
7725,공주
7726,취급
7727,이해
7728,여우
7729,부심
7730,부심
7731,소리
7732,술버릇
7733,스킨십
7734,여자
7735,터치
7736,절대
7737,여우
7738,티나
7739,여자
7740,기도
7741,유리
7742,철벽
7743,여리
7744,여리
7745,스타일
7746,남자
7747,잘만
7748,초반
7749,소심
7750,환경
7751,히스테리
7752,구김
7753,기아
7754,공물
7755,선녀
7756,예의
7757,라도
7758,꼰대
7759,소리
7760,트럭
7761,마인드
7762,급식
7763,시절
7764,하나쯤
7765,교무처
7766,퀴즈
7767,주실
7768,문제
7769,의심
7770,옛날
7771,여자
7772,과학
7773,퀴리
7774,부인
7775,시절
7776,얘기
7777,여자
7778,피해
7779,의식
7780,인간
7781,가치
7782,여자
7783,불리
7784,인정
7785,불이
7786,소리
7787,한몫
7788,여자기
7789,한번
7790,남자
7791,평범
7792,남자애
7793,머릿속
7794,로만
7795,이미지
7796,각인
7797,아까
7798,군대
7799,남자
7800,전세계
7801,남성
7802,징병
7803,주원인
7804,남자
7805,가부장
7806,고정
7807,관념
7808,주원인
7809,본인
7810,군대
7811,여자
7812,수혜
7813,논리
7814,남자
7815,여자
7816,군대
7817,평생
7818,필요
7819,소변
7820,미래
7821,스프
7822,기회
7823,노조
7824,깡패
7825,박멸
7826,민주당
7827,중국
7828,나라
7829,매국
7830,세력
7831,민주당
7832,지지자
7833,정신
7834,나라
7835,만주
7836,타입
7837,나이
7838,주제
7839,조작
7840,여론
7841,형성
7842,주업
7843,타입
7844,사식
7845,정기적
7846,튜브
7847,여론
7848,운동권
7849,사이다
7850,단합
